pitch,yoffset_layer,yoffset_plane,zshift_layer,zshift_plane,zshift_view,alpha,reconstructible,reco_passed_no_clones
3.6,2.9381504950684434,1.3085046764661206,2.177959509930684,8.956320446696601,14.769642885012937,14.900538501042632,161.0,147.0
3.6,2.773143218898192,3.2767105561838323,3.4248261787402123,7.415540466881232,13.14471423389942,10.052523724478572,152.0,111.0
3.6,3.414219137830821,4.044883046784398,2.5004081587568647,7.043233647215512,12.051984134948306,6.148368247392035,154.0,68.0
3.6,2.9852133023851657,2.7268838415390104,1.9497188274724069,7.2426378892744765,11.37107601174335,5.325261794912518,172.0,146.0
3.6,3.0750533580870627,3.1209369061526724,1.942908420562804,6.9665382313036215,14.470496018395671,12.965372909761765,164.0,97.0
3.6,1.8526451094622065,2.848559683233997,2.821207361828848,4.825633377974929,10.927627578515606,10.819714019143989,187.0,184.0
3.6,1.9581596984607,3.47071295567674,3.5496508196417897,5.843089895657481,13.579124823410444,12.734731256866008,166.0,161.0
3.6,2.8215735268708046,2.8713325541534505,4.198366378638181,7.140615868654266,14.271925466847895,6.697579050875407,194.0,149.0
3.6,2.9455744491785465,1.1938679353101225,2.010777725708462,4.875589161290722,11.796166846998828,11.171449866040303,152.0,139.0
3.6,2.970361966316676,3.1147899776316392,2.919535880205987,6.522667899980494,12.59204010972602,5.983956497133972,198.0,131.0
3.6,3.5706220654741445,2.2239336631582427,2.536306781485049,4.565388708644717,10.356283638826293,11.246635688542638,183.0,145.0
3.6,2.314632220630489,3.8440271874850014,2.3884933942210225,5.278459016863009,12.899918937140653,5.886004296796173,174.0,146.0
3.6,3.3237258096425006,3.92653090084032,3.856498884804584,6.156333427095878,13.017438332982273,12.3566311423919,178.0,88.0
3.6,3.177923218183998,1.0210089606598176,3.773366858636362,7.416208981401192,13.783757528443177,12.756118509253275,176.0,136.0
3.6,1.9241244294415585,4.139400044474181,3.117455602289084,6.764717582183119,12.256196720904939,11.345824175503035,161.0,156.0
3.6,3.138469049117808,1.6886477127666881,4.846241357273273,7.387311125377588,14.512266536429207,8.063134987782128,161.0,148.0
3.6,1.930169655464289,1.7137043921375992,3.0002634587517636,5.427782096210295,13.565230253171597,12.675676285179186,175.0,165.0
3.6,2.7011236825267524,3.232142805565902,2.873597081995704,5.386870846192004,13.512702507674035,11.573534821701285,175.0,130.0
3.6,1.8178628780301045,2.1531441354058374,1.8098222922602485,4.63866970939966,14.034827454419966,10.695397795671038,187.0,178.0
3.6,2.1090490338698094,1.148565262732559,2.059796182337025,5.907287480006264,13.758734961979206,12.163971119580989,157.0,153.0
3.6,1.9465685957938248,1.43311140131135,2.4068828924363763,5.544444248524065,13.648431412598883,12.199925333343554,167.0,158.0
3.6,1.9670219456678724,2.5186120050610254,2.651619868726106,4.937411094906545,11.285777321608693,10.9207933560046,168.0,166.0
3.6,2.343908273949518,1.1323720980859797,1.6566897453361071,5.252357516817872,12.99754914710947,11.44760715227088,163.0,151.0
3.6,1.8,4.380557673633432,2.9221156993059254,6.864669319652604,11.80497678091313,11.364106537371965,168.0,164.0
3.6,1.8,3.039815082148989,3.5319557097826086,5.758254835211593,13.722160711086211,13.014471070200843,163.0,156.0
3.6,3.29458464039618,1.132832134474374,5.245768833452338,7.494060536795889,14.731175392813128,8.462348181180225,166.0,113.0
3.6,2.871469132760875,0.9,2.078681467993966,9.691917153655423,14.98607761878547,15.0,168.0,128.0
3.6,1.8,4.089228945189287,2.093071695131354,4.112889663402555,13.305926938102553,5.740690805548554,159.0,147.0
3.6,2.7848519200633133,1.9003152874278928,1.4891605039287146,7.566117650519739,10.783442975240416,5.0,184.0,182.0
3.6,2.647190509978817,2.1384558087401024,1.6710808475857784,4.007625228964478,13.753270533967644,10.129163734963809,164.0,155.0
3.6,1.8,3.3607676593468425,2.7223081423883477,5.825917840703928,11.444347918733166,11.108157755911158,182.0,176.0
3.6,1.8,2.4427101762774344,2.174222846496567,4.448370839496172,12.08925230659848,10.432477913653647,170.0,166.0
3.6,2.2779183765374857,3.861628577754374,1.8891419120233037,4.604511734343721,11.22697912925971,10.771540000020021,180.0,166.0
3.6,1.8357584133111928,3.643600300183145,3.5297380991888616,6.215764542515525,11.541292918065142,11.27473583769694,177.0,163.0
3.6,2.323269376232964,1.3646566784593572,1.3305127777245422,7.001066147622665,10.772801512654327,5.0,155.0,152.0
3.6,1.8,0.9,1.634919797391236,5.529230666424386,14.366969050783915,11.556582215525893,177.0,173.0
3.6,1.845676259466793,1.2029751901860999,1.9693962929898485,3.9752429744178106,13.876731920552487,10.907671117845181,166.0,164.0
3.6,1.9685446853553419,1.2314511823843923,2.2878255352995676,4.652742197337108,11.1239425697452,9.925196559244036,179.0,172.0
3.6,1.9432486280666093,2.7468545803099835,2.2068808861431473,5.85978289927518,10.962637204131592,10.045351458044424,175.0,172.0
3.6,3.0977609043537337,1.4891049169308925,1.6598461089682675,8.350737612127238,10.865478345369667,5.008375426791608,152.0,145.0
3.6,1.8,0.9,2.068022946904747,4.132524467280836,13.673481203156195,9.263603763089014,177.0,170.0
3.6,1.8,0.9,1.4833469411902054,3.7857841043817144,14.520897134702617,9.499738974484845,154.0,151.0
3.6,1.800000000000022,0.9000000000001257,2.4485663559587008,3.4098844133127493,13.632644112331965,9.571249380324916,184.0,178.0
3.6,1.8,2.2281795309653765,1.453475015097903,5.344972953076998,10.93248940928424,10.823313024413038,174.0,169.0
3.6,2.024896977189104,2.237955216692247,1.2291996034942685,2.692310712596262,12.406671587895024,10.574237915213576,152.0,149.0
3.6,1.8,1.4204344135391704,2.2655278262070877,2.580916962970585,13.833478429444687,9.752437251164668,183.0,175.0
3.6,1.8,1.3621861189640283,2.875807058187733,3.9098477775618874,14.221816587652599,9.387863593768039,152.0,147.0
3.6,1.8,0.9,1.3992732824758116,5.619303524421173,13.704419376987966,13.281950661544318,167.0,160.0
3.6,1.8,0.9,2.376175530822926,4.07334746298803,15.0,9.856240519818657,166.0,154.0
3.6,1.8,1.1348551012243173,1.1180460991930397,3.146643065664642,13.878031428057072,9.668198759533402,167.0,159.0
3.6,1.8,0.9,1.0,3.7010526426343713,12.77278261950767,5.0,164.0,162.0
3.6,1.8,1.3521373207728231,1.0,2.987685391108573,11.152715962748468,5.0,207.0,203.0
3.6,1.8,1.065737528254152,2.014954706231539,2.2571893983134035,12.218185129019394,5.0,167.0,162.0
3.6,1.8,2.134688767313558,1.7427544342715324,1.380901082629331,10.955244351298843,5.0,161.0,136.0
3.6,1.8,0.9,1.0,4.503213279980219,14.231003533261369,5.0,168.0,160.0
3.6,1.8,1.3563453908486343,3.18881973991448,1.264097974522626,12.875322873993692,5.0,172.0,152.0
3.6,1.8,1.1147215386194556,2.190574706255836,3.6316603222876593,10.268421260535195,5.0,171.0,170.0
3.6,1.8,1.1023526521795837,1.828144439461035,3.3230590585044477,14.93168362749534,5.0,187.0,181.0
3.6,2.2104337208840974,0.9775234283414622,1.662089786104244,1.2185784238723787,10.332701676037495,6.852877287581306,156.0,148.0
3.6,1.8,0.9616329269716696,3.2944469467861905,2.991763966437158,11.3736922070082,5.000000000000011,191.0,174.0
3.6,1.8,0.9,1.0,8.557993303731642,10.0,5.0,158.0,154.0
3.6,1.8,4.5,15.0,15.0,10.0,15.0,152.0,2.0
3.6,1.8,0.9,1.0,9.62007092006057,10.0,5.0,172.0,153.0
3.6,1.8,0.9,15.0,15.0,10.0,15.0,127.0,3.0
3.6,1.8,0.9,15.0,15.0,10.0,5.0,142.0,1.0
3.6,1.8,3.5513077870473504,15.0,15.0,10.0,5.0,125.0,3.0
3.6,1.8,0.9,1.0,10.842655525110054,10.0,5.0,167.0,160.0
3.6,1.8,0.8999999999999999,15.0,1.0,10.0,15.0,170.0,50.0
3.6,1.8,0.9000000000000032,15.0,15.0,10.0,7.460764840102938,156.0,3.0
3.6,1.8,4.5,15.0,15.0,10.0,12.37882290267273,125.0,2.0
3.6,1.8,0.9,1.0,5.173571695934392,10.0,15.0,195.0,185.0
3.6,1.8,0.9,1.0,5.52461562451919,10.0,12.40727057545827,158.0,154.0
3.6,1.8,0.9,1.0,5.867317205611674,10.0,10.773613933566052,160.0,159.0
3.6,1.8,0.8999999999999999,1.0,3.341559849227529,10.0,15.0,153.0,151.0
3.6,1.8,0.9,1.0,6.866761114796139,10.0,13.708859627301628,168.0,163.0
3.6,1.8,0.9,1.0,7.618935271061834,10.0,15.0,153.0,152.0
3.6,1.8,0.9,1.0,6.9447536643984655,10.0,11.85444080005296,174.0,172.0
3.6,1.8,0.9,1.0,8.058736112107596,10.0,12.381477226699989,151.0,143.0
3.6,1.8,0.9,1.0,8.086320121872808,10.0,10.76980161125128,155.0,152.0
3.6,1.8,0.9,1.0,3.0277555647853354,10.0,13.477583767767223,163.0,160.0
3.6,1.8,0.9,1.0,5.7708584101264915,10.569684403562636,6.77861559955908,176.0,174.0
3.6,1.8,0.9,1.0,5.273456851947771,10.12519747664977,8.249170171950379,182.0,172.0
3.6,1.8,0.9,1.0,4.371598285805637,10.024100950978594,9.440592457544682,169.0,166.0
3.6,1.8,0.9,1.0,6.5090235526579265,11.779046259701364,7.300330612907512,150.0,148.0
3.6,1.8,0.9,1.0,6.268226599388631,11.15830581187202,5.235260691682102,199.0,192.0
3.6,1.8,0.9,1.1640668050986862,7.035453267400352,11.933059706261764,6.043545975413519,178.0,169.0
3.6,1.8,0.9,1.391760185677565,5.940573079619158,11.311429375069146,8.783818469218499,162.0,161.0
3.6,1.8,0.9,1.8652224073849808,5.584456442574889,12.263907346884217,7.810759902543293,172.0,165.0
3.6,1.8,0.9,1.0,6.079853474026882,10.015679830531994,5.515688029610696,194.0,188.0
3.6,1.8,4.5,1.0,1.0,10.0,15.0,181.0,170.0
3.6,1.8,0.9,1.0,15.0,15.0,5.0,151.0,119.0
3.6,1.8,0.9,1.0,15.0,10.0,15.0,184.0,170.0
3.6,1.8,0.9,1.0,15.0,15.0,8.475110970830496,158.0,136.0
3.6,1.8,0.9,1.0,15.0,13.554059846407878,15.0,174.0,164.0
3.6,1.8,4.138189035617564,1.0,15.0,10.0,15.0,183.0,176.0
3.6,1.8,0.9,2.2558896296248676,12.16931685382663,15.0,5.0,173.0,166.0
3.6,1.8,2.723314799701987,1.0,2.5643121121811387,10.0,11.44520434431892,156.0,154.0
3.6,1.8,0.9,1.0,15.0,15.0,12.292074212475896,186.0,171.0
3.6,1.8,0.9,2.657131262532536,5.805037532748621,11.444234579344952,11.884940923313051,179.0,174.0
3.6,1.8,0.9,3.0300515146123557,9.890718022673246,15.0,5.0,159.0,152.0
3.6,1.8,0.9,1.0,4.201691255376986,10.449664314928187,10.573246255302223,180.0,173.0
3.6,1.8,0.9,1.0,5.3333194607466226,10.852389990031465,9.22714268952471,181.0,173.0
3.6,1.8,0.9,1.0000000000002878,5.170240027439388,11.266371744686474,11.578911781042725,169.0,164.0
3.6,1.8,1.0904564052372676,1.0,4.218748144831126,10.040566722868457,12.431200758645986,194.0,190.0
3.6,1.8,0.9,1.0000000000000746,2.9178375996910653,10.768776447604463,11.773370471076221,175.0,173.0
3.6,1.8,0.9,1.4057321922565595,6.376650316208168,11.066581193747313,10.444930247177842,167.0,164.0
3.6,1.8,0.9,1.0000000000004294,7.171832555019759,12.047476853756216,11.116240300902449,149.0,145.0
3.6,1.8,0.9,1.0,6.425958898735802,11.139579562098065,7.692194928603871,169.0,167.0
3.6,1.8,0.9,1.0000000000000926,5.816678969206936,11.027976456235344,12.988940790343833,167.0,161.0
3.6,1.8,0.9,1.0,6.265592785108855,11.106361410480284,5.792162879048354,178.0,175.0
3.6,1.8,3.828787189345061,1.0,9.693813253849749,10.0,15.0,176.0,168.0
3.6,1.8,2.4756629653569933,1.8791628642192875,3.9244002118135572,10.0,12.075166655169712,180.0,175.0
3.6,1.8,1.878129906895202,2.1426276871309815,3.6990692938796137,11.074346777414052,11.655075555807706,165.0,152.0
3.6,1.8,2.858094006459987,1.9005447040210641,4.917398137878504,10.0,12.962811348423935,162.0,158.0
3.6,1.8,0.9,1.0,1.0,15.0,15.0,174.0,80.0
3.6,1.8,4.4538680886358435,1.0,11.102499373457658,10.0,15.0,152.0,147.0
3.6,1.8,2.554364651545877,1.0,10.536294575778674,10.0,15.0,178.0,170.0
3.6,1.8,0.9,1.8933808313462808,7.141766905277787,11.849390114851689,5.0,171.0,165.0
3.6,1.8,1.092770250872655,2.520613371470712,4.6601112886519775,11.407854500895917,11.930168649347703,182.0,180.0
3.6,1.8,0.9,1.1127353455153561,6.273692540995587,11.319998966514587,5.0,176.0,175.0
3.6,1.8,0.9874020220669253,3.1810821636760367,8.814962483606676,12.969204340456423,15.0,173.0,161.0
3.6,1.8,0.9000000000011946,3.0768830921743566,8.843708899504435,12.948742581838959,13.987383666319932,157.0,153.0
3.6,1.8,0.9000000000063642,3.3731589488690523,9.245918373735801,13.558530853846179,13.163184728865899,173.0,173.0
3.6,1.8,1.6824646022241485,3.546763651147879,9.521154653515215,13.230556454045429,15.0,172.0,160.0
3.6,1.8,1.6119041990808045,2.858203051186832,9.038056894190634,12.610680785758213,14.362535065759541,184.0,181.0
3.6,1.8,0.9,3.388485479767346,9.342954070892059,13.936388892275305,12.155012215267499,180.0,179.0
3.6,1.8,0.9,3.509225640967635,10.192320792955243,13.348284291533076,12.16746901614083,152.0,140.0
3.6,1.8,0.9,3.4036446858817393,9.524467964617653,14.301251620374808,10.789492535244044,166.0,161.0
3.6,1.8,1.3425419243877519,3.7675527668980635,9.424110151509653,13.984801682818977,14.206120936147128,160.0,155.0
3.6,1.8,0.9,3.477459155239189,9.598109903351348,15.0,9.754661969845438,157.0,154.0
3.6,1.8,0.9,2.843969725775791,7.290785388549081,13.8239210428878,11.341323531132698,165.0,164.0
3.6,3.6,0.9,1.0,4.797617964625429,10.0,5.0,167.0,95.0
3.6,1.8,4.5,1.0,15.0,15.0,15.0,165.0,149.0
3.6,1.8,2.593421077943672,1.0,3.0224497961075283,12.604654600525516,8.55335847259566,168.0,167.0
3.6,1.8,0.9,3.086524142365327,7.196130004350326,14.262365707342182,10.377903886334805,177.0,170.0
3.6,1.8,0.9,2.835526115009715,7.7464554531181244,14.111982129356148,12.15582016672224,170.0,169.0
3.6,1.8,0.9,3.4588661214840077,7.225431356891897,15.0,8.554688466207867,152.0,146.0
3.6,1.8,0.9,2.9062587780460523,6.697137038177404,13.668265687879877,10.232052839637168,176.0,168.0
3.6,1.8,0.9000000000010153,2.5712736400244958,8.179739505236546,14.037353021765812,12.83430449129964,175.0,171.0
3.6,1.8,4.5,1.0,13.70819279935559,15.0,15.0,165.0,157.0
3.6,1.8,0.9,1.9097559410635194,8.12842076592844,12.684773905778403,5.0,178.0,176.0
3.6,1.8,3.058965432198618,1.0,2.560740896632709,10.0,10.815176057863066,205.0,196.0
3.6,1.8,2.3337434881273706,1.3106394702637252,3.327809261731654,10.683038116880251,10.385477420268428,,
3.6,1.8,0.9,2.6088248256296795,7.6908518282469105,13.327470637820202,5.000000000000017,159.0,154.0
3.6,1.8,1.75123101725873,1.8130080032691087,4.191121814040931,11.632822571819407,9.981247450611072,170.0,152.0
3.6,1.8,2.3254840779978405,1.56548401020995,2.2982250957045602,10.12724925215294,10.177180333260063,173.0,166.0
3.6,1.8,3.2884836247924643,1.0,3.517583268142688,10.0,11.75204364352496,185.0,181.0
3.6,1.8,2.055396537994121,1.7431094931000326,4.322124732400633,10.978808261489883,11.122735001818638,160.0,152.0
3.6,1.8,1.3248898760994796,2.2301803853527367,5.168538307020078,12.26175164749596,10.24147186954364,182.0,180.0
3.6,1.8,0.9,1.0235600601818875,8.2912395148641,13.480853901171429,5.0,184.0,177.0
3.6,1.8,2.1155423440261476,1.7621176064554507,7.968765468890622,10.50127735793512,5.0,163.0,155.0
3.6,1.8,2.088650346114667,2.2385635164032895,8.52366204769256,10.716787021409031,5.0,153.0,133.0
3.6,1.8,4.5,1.0,15.0,10.0,9.664940855695209,160.0,152.0
3.6,1.8,2.1757576186175607,2.199352335851461,8.657024795414896,10.000000000000222,5.000000000000068,193.0,171.0
3.6,1.8,2.0441348913385324,2.5800156716448157,9.179267289718707,10.678216938140206,5.004139888924581,170.0,137.0
3.6,1.8,3.494860790154184,1.0,13.639244946362473,10.0,10.415672878168518,196.0,171.0
3.6,1.8,2.268137452091888,2.321099365848063,9.596842275490102,11.300361042655812,5.000000000000199,178.0,156.0
3.6,1.8,3.014292493023135,1.0,2.2630356163532994,15.0,7.042423086278429,154.0,148.0
3.6,1.8,4.5,1.0,13.835391670489154,10.0,7.948008528417233,175.0,153.0
3.6,1.8,1.9496518202982491,2.9230138564602006,10.059011004381222,11.33006925727982,5.405640317071313,159.0,138.0
3.6,1.8,4.5,1.0,5.593507823333037,10.0,15.0,163.0,157.0
3.6,1.8,4.5,15.0,1.0,15.0,5.0,179.0,45.0
3.6,1.8,0.8999999999999999,1.0,1.0,10.0,9.861361814519126,159.0,150.0
3.6,1.8,0.9,1.0,1.0,10.649744995224138,9.010061519547845,166.0,160.0
3.6,1.8,0.9,1.0,1.0,10.0,11.004973975668753,159.0,152.0
3.6,1.8,0.9,1.0,1.0,10.0,12.013393761662027,161.0,154.0
3.6,1.8,3.2952767535396816,1.0,11.12559771131689,12.98609194599588,15.0,199.0,194.0
3.6,1.8,0.9,1.0,1.1323916311660358,11.488683283529648,8.224246749653558,174.0,168.0
3.6,1.8,1.8101735856379277,1.2456178864143836,3.1659674932399837,12.944894756207159,6.957314232124581,174.0,148.0
3.6,1.8,4.5,1.0,6.195885350281534,10.0,12.897796394505539,162.0,162.0
3.6,1.8,0.9,1.0,7.168357760649145,15.0,5.0,173.0,168.0
3.6,1.8,0.9,1.0141428287248828,7.460755958249316,15.0,6.535304843501739,189.0,185.0
3.6,1.8,0.9,1.790364232335601,7.310777960652836,15.0,7.8700934716801765,174.0,168.0
3.6,1.8,0.9,1.7101813017330882,6.911334686495363,13.990475371020919,9.11105024392406,182.0,169.0
3.6,1.8,0.9,1.9440139532503704,6.636282065375704,13.123536722450552,10.353634882321295,176.0,169.0
3.6,1.8,0.9,1.126757341010029,6.752763342043799,14.377806259234784,6.434661799492745,173.0,164.0
3.6,1.8,0.9,2.108043157910877,7.919908231972913,15.0,9.227649562901018,162.0,161.0
3.6,1.8,0.9,1.3864451928679602,5.925870679472177,14.335683242247315,7.264260087582856,167.0,163.0
3.6,1.8,2.576196638876165,1.0,4.859008535354092,10.0,12.433626216296624,170.0,166.0
3.6,1.8,0.9,1.6813987964851702,7.774019136893164,13.52821085300778,10.876439894982946,182.0,178.0
3.6,1.8,2.332193923679709,1.3784424823888612,4.740594544228218,10.0,12.4834547497142,163.0,161.0
3.6,1.8,0.9,2.3512613725134623,5.61024966113712,11.835818180034492,11.167561131374882,178.0,172.0
3.6,1.8,1.3198153178669687,2.28990716696566,5.309720009571264,10.911159049460682,11.84927526578334,170.0,167.0
3.6,1.8,0.9,2.4033323923067598,6.686163457814741,12.308627188611007,11.88932569200416,186.0,180.0
3.6,1.8,0.9974650626987324,2.228877121928236,4.409324915416486,10.85207412212687,10.940876959721594,186.0,180.0
3.6,1.8,0.9,2.5822176627100535,5.449023571127047,12.915710196520356,10.581928256151064,173.0,166.0
3.6,1.8,1.4793214980398541,1.9706709876733284,6.222695856133022,10.81000568384368,12.771124418962188,171.0,164.0
3.6,1.8,1.3849845354241586,2.4890721691940176,4.771273357828383,10.162211419028853,12.404255585328107,158.0,156.0
3.6,1.8,0.9,2.6589636962159457,7.234258568774401,13.12748618865715,11.1324918392632,163.0,159.0
3.6,1.8,0.9,1.0,7.1666374812428835,12.69432389475739,5.0,196.0,191.0
3.6,3.6,0.9,1.0,15.0,10.0,5.0,167.0,32.0
3.6,1.8,0.9,1.0,10.69116536529462,15.0,7.622822530349798,188.0,182.0
3.6,1.8,4.5,1.0,5.8448980037445555,10.0,11.151893891114637,161.0,157.0
3.6,3.6,0.9,1.0,11.847069176587622,12.129139120485558,5.0,164.0,40.0
3.6,3.6,0.9,1.0,11.40169299351874,13.197192772310636,5.0,153.0,62.0
3.6,1.8,4.5,1.0,2.3762507348184907,13.58388283391837,9.707239029157122,160.0,156.0
3.6,3.6,0.9,1.0,15.0,10.0,6.562026655339425,184.0,45.0
3.6,1.8,4.5,1.0,13.03467309518354,15.0,10.598024636732971,181.0,178.0
3.6,1.8,3.6089175739334256,1.0,4.645934989642531,15.0,5.0,170.0,144.0
3.6,1.8,1.63901545850782,1.0000000000010638,10.940558766872536,15.0,8.46607513993971,167.0,156.0
3.6,1.8,4.5,3.982129563079971,15.0,15.0,9.09261858800568,156.0,134.0
3.6,1.8,4.5,4.374468500584594,15.0,15.0,10.580850432195422,171.0,145.0
3.6,1.8,4.5,3.650964356072764,2.5150462167289334,15.0,8.342790358091499,189.0,143.0
3.6,1.8,4.5,3.766072849779825,15.0,15.0,7.733733817969179,189.0,162.0
3.6,1.8,4.5,5.523175022893229,15.0,15.0,8.820487326305981,186.0,160.0
3.6,1.8,4.5,3.8982548553252556,13.254106247613958,15.0,10.237057551926046,169.0,162.0
3.6,1.8,4.5,4.266755828670427,11.894667258929639,15.0,11.265191368813126,183.0,165.0
3.6,1.8,4.5,3.5642856144846053,15.0,15.0,11.211890379240582,195.0,176.0
3.6,1.8,4.5,4.119180728539844,10.942350678756341,15.0,12.297225481884023,188.0,169.0
3.6,1.8,3.871380827741841,4.632632914251282,12.514068913853512,15.0,9.735211533947018,168.0,155.0
3.6,1.8,0.9,4.699076278260123,7.564621177736177,15.0,5.817963969237911,145.0,139.0
3.6,1.8,0.9,4.830744978768014,7.9940575758103884,15.0,6.839726912256341,181.0,173.0
3.6,1.8,0.9,4.842264617714121,8.581152744106596,15.0,7.647483496119541,178.0,165.0
3.6,1.8,0.9,5.045313532478921,8.516233988677687,15.0,6.255217649834328,174.0,170.0
3.6,1.8,0.9,5.335142061566839,9.182350941989004,15.0,7.495569079608688,160.0,152.0
3.6,1.8,1.1400496306165322,1.0,6.846088341779891,10.256736850941447,5.0,173.0,167.0
3.6,1.8,0.9,4.8170180730502175,8.101211760238211,15.0,8.47866522738171,162.0,153.0
3.6,1.8,0.9,4.974748245052894,8.27332365774349,15.0,5.156548258897671,193.0,187.0
3.6,1.8,0.9,4.376878298634557,7.142383471478281,15.0,6.587060979731564,179.0,168.0
3.6,1.8,0.9,5.512935173888526,7.322100704240509,15.0,6.785204995000751,164.0,157.0
3.6,1.8,4.5,1.0,13.809106506202994,12.831066118541582,12.82485786381738,147.0,141.0
3.6,1.8,1.5568178081983657,1.0,7.904705705353263,10.0,7.827805484126495,174.0,160.0
3.6,1.8,3.18223312084254,1.0,12.323038897387985,15.0,12.543368507119425,176.0,174.0
3.6,1.8,4.5,1.0,14.883973379663775,12.490940225179292,12.61999340015236,164.0,161.0
3.6,1.8,4.5,1.0,12.86259361591767,12.887625238720746,12.897349065539563,184.0,165.0
3.6,1.8,1.6399653227860032,2.8208717080283323,8.339664039423447,14.410860865935883,13.789821779980384,165.0,161.0
3.6,1.8,4.5,1.0,13.580676376372098,12.304324426401603,13.58709092606718,187.0,185.0
3.6,1.8,0.9,5.866427815086439,12.985085343722336,15.0,5.0,154.0,133.0
3.6,1.8,4.5,1.0,14.46555153892883,11.981997247217032,13.739906300541426,156.0,150.0
3.6,1.8,4.5,1.0000000000005842,13.912622691160847,12.221780221207622,12.433937345911136,177.0,170.0
3.6,1.8,0.9,1.597016572159737,10.512950264380049,15.0,13.575252731744412,159.0,156.0
3.6,1.8,0.9000000000028813,1.8402119452000747,9.902888216871226,15.0,12.955000370946857,179.0,176.0
3.6,1.8,3.3341379143004115,1.0,4.506134894985774,10.0,12.28536810012842,162.0,157.0
3.6,1.8,0.9,1.3550927604581624,11.162600820516818,15.0,14.35833981603876,194.0,189.0
3.6,1.8,0.999347483282825,1.0803407280982575,10.919349923032492,15.0,13.32474423412739,166.0,158.0
3.6,1.8,0.9000000000021644,2.4298645639293506,10.742488310813794,15.0,13.615824778194176,198.0,192.0
3.6,1.8,0.9000000000002848,1.4850047897774734,10.209265435611085,15.0,14.455970673807157,171.0,169.0
3.6,1.8,2.9808745696019927,1.0,5.378489520890098,10.0,12.569109742500018,144.0,140.0
3.6,1.8,4.0470099319032204,1.0,4.084793403154747,10.0,11.778941888433478,181.0,176.0
3.6,1.8,1.3325935405526828,2.168714569712805,10.77877999324738,15.0,12.766078703228787,163.0,159.0
3.6,1.8,4.5,1.0,15.0,15.0,11.185394340756256,156.0,136.0
3.6,1.8,0.8999999999999999,1.0,8.826058597800055,13.33095883191491,15.0,169.0,155.0
3.6,1.8,0.9,2.84360798351236,8.478779254956834,15.0,13.154719442084525,172.0,168.0
3.6,1.8,1.5825830150601736,1.0,7.27261669601224,11.20831868353265,5.0,146.0,131.0
3.6,1.8,0.9,4.185548911177267,2.934176508877169,10.0,15.0,192.0,180.0
3.6,1.8,4.5,1.0,3.054417959625496,11.994025506767874,10.250461914105108,176.0,167.0
3.6,1.8,0.9,2.340911770173968,8.441932241440721,14.330351044150731,13.776986609191802,163.0,158.0
3.6,1.8,0.9,3.0309955863278466,7.9484405327065915,14.29649834139195,13.396222409589084,157.0,154.0
3.6,1.8,1.5903267418644822,1.0,8.96749901036872,14.865270496052755,15.0,176.0,175.0
3.6,1.8,4.5,1.0,1.0,10.0,11.348388754272255,182.0,171.0
3.6,1.8,2.2086274330355207,1.4098185313325178,4.807689190652309,10.0,12.557144942690115,170.0,169.0
3.6,1.8,0.9,2.7076357279854952,9.395127693853858,15.0,12.305344780726761,176.0,171.0
3.6,1.8,1.556238438738269,2.0370836609139955,4.826771510943404,10.0,12.80567222032942,163.0,159.0
3.6,1.8,2.608207970485934,1.0000000000246883,4.797393996378556,10.118303832854945,11.802402401010555,177.0,174.0
3.6,1.8,2.874779442445651,1.0,5.417925109837322,10.0,12.893282200702458,179.0,174.0
3.6,1.8,0.9037242511146765,2.5891236260236705,9.97774011039734,15.0,13.020372311760656,170.0,166.0
3.6,1.8,2.35688989809407,1.6162195600842553,5.66034059582985,10.0,13.452029020192974,155.0,150.0
3.6,1.8,2.0631815953669554,1.4210972586107489,5.805958999405149,10.000000000019218,12.585333890722906,166.0,160.0
3.6,1.8,2.0402062265997816,1.4596004721498608,4.974847270979911,10.836911647431352,11.442771866411391,168.0,163.0
3.6,1.8,1.9016681132225053,1.4561945480400003,5.034632766935093,11.7357722881592,10.743255879742483,157.0,141.0
3.6,1.8,0.9,2.499750427120871,4.613697866899878,10.0,12.584279182115937,172.0,168.0
3.6,1.8,0.9,2.6858847419090406,9.182876911147343,15.0,12.328112757302968,180.0,172.0
3.6,1.8,0.9,2.7888086152081484,7.224728289844631,15.0,5.0,160.0,152.0
3.6,1.8,0.9,2.6564250560054496,5.2784926363583695,10.0,13.341760447113797,216.0,211.0
3.6,1.8,0.9,2.5480763024481496,9.769563104275798,15.0,13.21468242299343,170.0,167.0
3.6,1.8,0.9,2.3042946117556427,4.353675537854418,10.0,11.683729577510647,198.0,196.0
3.6,1.8,0.9,1.4193103858885632,6.566324462026611,11.15197719157504,5.0,197.0,196.0
3.6,1.8,0.9000000000000432,2.7751829003229336,3.888379961611929,10.0,12.298024435332534,177.0,170.0
3.6,1.8,1.7738724981625926,2.0221320993918366,4.554345433276153,10.0,12.460791433790892,154.0,140.0
3.6,1.8,0.9000000000005225,2.9486126094672667,4.934856398441683,10.172397595612278,11.873578921009699,184.0,178.0
3.6,1.8,2.9407473792029744,1.438765771314632,10.460188341808195,15.0,15.0,186.0,173.0
3.6,1.8,4.5,2.824311637226586,15.0,10.0,12.618588605595166,204.0,192.0
3.6,1.8,0.9,2.578872824925064,6.506420577976672,10.0,9.519435615678287,160.0,154.0
3.6,1.8,0.9,2.9446207228573544,6.570864365989464,10.0,8.95438878292485,177.0,175.0
3.6,1.8,4.5,3.22787738257386,7.291447430642242,10.0,15.0,185.0,175.0
3.6,1.8,1.6241470303804109,3.329623341430259,10.868758725296114,15.0,7.6293222068771165,173.0,161.0
3.6,1.8,0.9,2.6226903988845445,6.881867998821241,10.0,10.166057040949743,166.0,164.0
3.6,1.8,2.0935626659389115,3.3477758668194544,11.290572015000658,15.0,8.263356726294735,180.0,167.0
3.6,1.8,4.5,2.25435502018245,6.9215975618507715,10.0,12.832274410803043,178.0,169.0
3.6,1.8,4.5,2.6230291779696886,7.455373903084027,10.0,13.620820483080353,174.0,162.0
3.6,1.8,0.9,2.1269404929482616,6.739104207932212,11.060350641843206,5.0,184.0,179.0
3.6,1.8,0.9,1.0,1.0,15.0,5.0,179.0,81.0
3.6,1.8,1.4636440715015253,3.412125243246812,7.398781991590563,13.210539901005315,12.799292238921465,151.0,147.0
3.6,1.8,0.9000000000037041,3.250936880247087,7.199615727847783,13.573274180784779,12.900015428050166,168.0,165.0
3.6,1.8,0.9,2.2366365366573446,6.6831173563986646,10.907703292643165,5.675025079130356,183.0,181.0
3.6,1.8,2.9301181752365424,1.0,2.9009342469765422,13.606277434290352,9.684394235875446,182.0,176.0
3.6,1.8,0.9,1.989332652777816,7.335817463613595,11.06839935808347,5.411649952747816,172.0,169.0
3.6,1.8,0.9,2.06132491607152,6.909105821220798,10.710296171612372,6.245178262811281,172.0,165.0
3.6,1.8,0.9,2.0838452232939875,6.65831041287574,10.298329647691416,6.741244876646804,177.0,176.0
3.6,1.8,0.9,2.4284401062501972,6.615592574806707,10.158167562253412,6.138887463768011,187.0,183.0
3.6,1.8,1.0425683976355071,2.7307202427974135,4.323240216392899,13.811130916482407,5.0,164.0,159.0
3.6,1.8,0.9000000000035467,2.4972849425226094,4.141237708705102,13.274075419516004,5.0,161.0,160.0
3.6,1.8,1.1555381020391804,3.0049826861634608,4.3899765475475965,14.379682886484566,5.0,181.0,175.0
3.6,1.8,1.645344930726936,3.2735281650898234,4.504222545539775,14.450684024663502,5.042866136710199,186.0,161.0
3.6,1.8,2.9456359293269347,1.0,13.627394386383957,12.56769470408325,15.0,167.0,156.0
3.6,1.8,3.3044885743441035,1.0,3.5056513624998034,15.0,8.390582092401251,165.0,158.0
3.6,1.8,1.0040092418637356,3.3689939772957183,4.379137347987999,14.904791217654472,5.001774279541151,157.0,148.0
3.6,1.8,0.9000000000059923,2.8133063500177258,4.853089767392891,14.034513298740825,5.0,166.0,160.0
3.6,1.8,1.0525728980437867,3.5222983039677342,4.075507793652553,14.338029498244476,5.21383675984601,152.0,147.0
3.6,1.8,3.1391933572058446,1.7169132035182575,13.743217059668488,12.362422165863805,15.0,175.0,162.0
3.6,1.8,0.9,2.8517877998740206,1.4061515822159778,10.0,7.966874688209127,163.0,148.0
3.6,1.8,0.9,3.426012431201874,1.2716706693308533,10.343182521686611,8.492377941412823,164.0,148.0
3.6,1.8,4.5,1.0,2.2050145468707996,13.027263046723801,7.976401619041558,174.0,169.0
3.6,1.8,4.5,3.4699078283190263,3.1703782934902027,10.0,15.0,164.0,153.0
3.6,1.8,0.9,1.8303001703319943,4.1250431617691,11.958692920844696,5.0,185.0,184.0
3.6,3.6,0.9,1.0,1.0,10.0,15.0,173.0,93.0
3.6,1.8,4.5,4.890415507777886,1.0,10.0,15.0,167.0,159.0
3.6,1.8,0.9,2.4223116587696643,1.9082346243279769,10.505292710697029,7.524423552094179,181.0,167.0
3.6,1.8,0.9,4.247355943818214,1.0,10.0,8.951674124652126,163.0,150.0
3.6,1.8,0.9,1.877853795680776,4.042077685731214,11.514267031761705,5.33252707448394,184.0,181.0
3.6,1.8,0.8999999999999997,6.457139195600626,1.0,10.0,12.497409779014875,165.0,156.0
3.6,1.8,4.5,2.7768483415166405,7.500857369261793,12.709647519530044,15.0,157.0,152.0
3.6,1.8,4.5,6.037411142843759,6.3378104341673716,15.0,15.0,170.0,165.0
3.6,1.8,3.600214299520909,3.4425579575403393,7.142272364133234,13.117423766297282,15.0,168.0,150.0
3.6,1.8,2.980863943860343,2.0232775399217258,12.524323981525965,15.0,11.094982777915774,179.0,170.0
3.6,1.8,4.5,8.139028415459352,1.0,10.0,15.0,191.0,179.0
3.6,1.8,2.6854473459748522,5.854555139108829,1.0,10.0,12.390252925569145,158.0,147.0
3.6,1.8,4.5,4.928085343704118,1.0,10.0,12.115120228124145,168.0,162.0
3.6,1.8,4.5,3.7672701100764505,7.412355640356297,13.477179491544753,15.0,164.0,158.0
3.6,1.8,3.2291822623449775,1.0,1.219279166330103,12.410073144637373,9.563948388143551,159.0,152.0
3.6,1.8,4.5,8.853845383610162,1.0,15.0,15.0,151.0,136.0
3.6,1.8,0.9,7.6849857064312115,4.782398415075487,15.0,15.0,160.0,131.0
3.6,1.8,4.5,7.648140868895961,2.901198478504341,14.124452628700892,15.0,168.0,144.0
3.6,1.8,4.5,9.127664963466131,3.376544712894192,15.0,15.0,198.0,168.0
3.6,1.8,4.5,7.040388730138694,3.957598160360637,14.432514642790878,15.0,178.0,151.0
3.6,1.8,4.5,8.77665975973539,4.954215981594852,15.0,15.0,129.0,115.0
3.6,1.8,4.157210486677108,7.50570653098661,2.1278402438033845,13.503741463635881,15.0,168.0,141.0
3.6,1.8,0.9,7.165245484071877,4.77517634279577,10.0,15.0,192.0,98.0
3.6,1.8,2.891210777583528,7.9475661500531,3.19375456133133,14.620406055768687,15.0,160.0,142.0
3.6,1.8,4.5,10.483516798754879,4.739518589452388,15.0,15.0,165.0,85.0
3.6,1.8,3.5789037569784874,5.505968481902235,7.00272912455552,15.0,12.602469318959217,175.0,155.0
3.6,1.8,4.5,5.809645616036891,7.233761688196367,15.0,13.034391757685245,162.0,156.0
3.6,1.8,0.9,7.806525211335704,1.0,15.0,12.30365844027863,163.0,146.0
3.6,1.8,0.9,7.377740237198284,1.0,13.473092839504632,11.33385239211608,163.0,142.0
3.6,1.8,3.0792229596525322,5.013503310789397,7.822092009823044,15.0,9.508951976192956,165.0,160.0
3.6,1.8,4.5,6.851414374835084,11.640342861404088,15.0,5.0,162.0,144.0
3.6,1.8,3.034663475422492,5.439197611794932,8.513251494085639,15.0,8.915915865483994,183.0,172.0
3.6,1.8,2.812010335404686,5.202304013987242,6.9415119777182905,15.0,12.964032860254909,177.0,170.0
3.6,1.8,3.5346916061638276,5.525003348435621,7.619692922843357,15.0,13.464439960338211,174.0,154.0
3.6,1.8,0.9,4.011467366823218,1.0,10.0,12.713560452605881,190.0,183.0
3.6,1.8,0.9,1.8649199704450765,4.233414639629878,12.323823908616195,5.0,142.0,138.0
3.6,1.8,4.5,1.0,3.308180275204072,10.0,13.5324471195605,165.0,161.0
3.6,1.8,0.9,2.915346578535317,7.634200414369172,15.0,15.0,197.0,190.0
3.6,1.8,4.5,1.9712731463619697,4.829197542157205,10.0,11.889739896478979,154.0,150.0
3.6,1.8,4.5,2.2541469899923583,4.625577440577215,10.0,11.286019491080799,160.0,156.0
3.6,1.8,0.8999999999999999,1.7094682028190673,6.503891456729143,10.0,10.294152562343713,209.0,203.0
3.6,1.8,0.9000000000000001,1.7563004233166657,6.425875884132083,10.000000000001064,10.837891815703884,187.0,179.0
3.6,1.8,0.9084828417465869,1.714244608621923,4.71150610468448,12.341914521951017,5.0,162.0,158.0
3.6,1.8,4.5,1.0,9.40618166934421,12.109896603724842,15.0,160.0,155.0
3.6,1.8,0.9,3.3148190028077242,7.05877449782264,15.0,14.474456138381647,173.0,166.0
3.6,1.8,0.9,2.1627757061835164,6.825670077074393,10.897101483866285,8.626851348551751,147.0,147.0
3.6,1.8,4.5,1.0,15.0,10.0,12.711166232936844,201.0,191.0
3.6,1.8,0.9,1.8365116633089689,3.5432315040650866,10.0,13.696488427253971,157.0,154.0
3.6,1.8,0.9,2.7196531647602575,8.485120573909166,13.514042910077762,12.643181339584972,153.0,147.0
3.6,1.8,0.9,2.443829624704465,7.208829999698078,11.245098491761711,9.146257456833583,197.0,190.0
3.6,1.8,4.5,2.6169226826036818,9.99558968151183,12.225021950266605,15.0,152.0,141.0
3.6,1.8,4.5,3.051019867928041,1.0,10.0,13.200081582907682,169.0,160.0
3.6,1.8,0.8999999999999999,1.0,3.633123907468601,10.0,13.067873690369963,176.0,174.0
3.6,1.8,3.703179872959776,1.0,2.8228974997969587,13.522242551703071,8.611655881891446,170.0,144.0
3.6,1.8,1.140048042726835,2.6643812643458613,8.936225502223445,13.774855024096716,13.25594185978042,181.0,177.0
3.6,1.8,4.5,1.0,5.215691972585579,10.0,12.51314992602308,183.0,177.0
3.6,1.8,0.9,1.0,9.6004877463472,15.0,10.395197384806327,184.0,174.0
3.6,1.8,0.9,1.0,10.457413451258988,15.0,10.842310404772155,190.0,182.0
3.6,1.8,0.8999999999999999,1.5306223577783387,9.666914313472956,15.0,10.923446613691217,162.0,157.0
3.6,1.8,0.9,1.0,3.7128776655052427,10.0,12.904931649800703,182.0,180.0
3.6,1.8,0.9,1.3409112889438024,3.1812824588043482,10.0,12.6796925095622,176.0,171.0
3.6,1.8,0.9,1.0000000000001952,8.845384018113265,15.0,10.236074450327234,185.0,179.0
3.6,1.8,0.9,1.9823021345454337,4.138056746804215,12.353574376540472,5.0,174.0,171.0
3.6,1.8,0.9,1.9357634475754408,6.563615107380738,10.48631601307955,8.156308343767199,168.0,163.0
3.6,1.8,0.9,1.0000000000038758,3.7510859227429085,10.0,12.304357316822912,172.0,164.0
3.6,1.8,0.9,1.9485459873446436,4.011966586940013,12.278309254401215,5.0,168.0,165.0
3.6,1.8,1.3757398195755377,2.4161353390692915,8.934490975394663,15.0,14.442155418287548,171.0,164.0
3.6,1.8,0.9,3.026772909531206,4.453774676735797,13.141593439477946,11.792756181362996,179.0,177.0
3.6,1.8,0.9,1.6338496943134206,7.191252833367182,10.992694784114677,5.0,156.0,153.0
3.6,1.8,0.9000000000015999,2.1991360900059016,3.982560674210534,12.605534099127082,5.00000000000123,184.0,180.0
3.6,1.8,0.9,2.9842052048835668,6.638919845846742,13.901838307946367,12.364113261504064,157.0,153.0
3.6,1.8,0.9,2.927602668146279,6.024036144024081,13.55215361361068,12.176867887750687,137.0,129.0
3.6,1.8,3.0046705041807606,2.022552312215204,5.802293278844466,10.0,10.79415351625044,168.0,161.0
3.6,1.8,0.9,1.7606642687526823,3.8645065212017053,10.0,13.902487819693214,158.0,150.0
3.6,1.8,4.5,1.0,1.0,10.0,8.030252422047127,172.0,158.0
3.6,1.8,4.5,1.7875959847844556,5.635213635232183,11.23724331874028,12.067433990268698,160.0,158.0
3.6,1.8,0.9,2.0492734191512727,6.545032851827347,10.622303735687472,8.96212024676815,173.0,169.0
3.6,1.8,0.9,2.4061393970875256,3.699837737735647,13.002291177131996,11.27928008371923,149.0,146.0
3.6,1.8,0.9,2.9827079971431307,8.501035361784199,14.006116528396337,13.052262214818168,158.0,150.0
3.6,1.8,0.9,2.9729071617564,8.20014026596755,13.893156665581348,12.469837784299289,157.0,156.0
3.6,1.8,0.9,1.8659331755750281,3.9876427972432804,12.074086220175715,5.0,190.0,182.0
3.6,1.8,0.9,1.6515729475044147,6.838827149459295,10.814698701903893,5.80569718934942,173.0,168.0
3.6,1.8,1.9812465788173526,3.4364698610539457,8.421934008753212,15.0,9.46237653445401,161.0,150.0
3.6,1.8,4.5,1.3027312169933298,5.97115523786918,11.153837061448574,12.460728803589435,187.0,184.0
3.6,1.8,0.9,2.921225360482611,3.6080752748850005,12.57782067104139,11.492102518170428,192.0,187.0
3.6,1.8,4.5,1.876635470352797,5.547054967590771,11.099800054214393,11.89544156233153,175.0,174.0
3.6,1.8,0.9,2.2004757770617744,6.548057967859917,10.707070112001121,9.437066888135206,149.0,141.0
3.6,1.8,0.9,1.7535733568703051,6.42885373222908,10.729212103897307,6.836546724589845,145.0,137.0
3.6,1.8,0.9,0.9999999999999999,3.747695915030826,13.382275399883858,10.878308940007052,189.0,184.0
3.6,1.8,0.9602535695684249,1.0,3.1715324616223906,12.823346117782094,10.802090776299448,159.0,154.0
3.6,1.8,4.5,1.2232432462728895,5.583974867751796,10.882668174075182,11.85157816739746,162.0,156.0
3.6,1.8,0.9,1.0,9.06645832265454,10.0,15.0,159.0,146.0
3.6,1.8,0.9,1.9144241689952741,6.488995088314657,10.759156963211769,7.60945180246242,164.0,157.0
3.6,1.8,0.9,1.9574010405432125,4.177091374827816,12.885290631932193,5.0,188.0,183.0
3.6,1.8,0.9,1.0,9.400320061057917,15.0,5.0,152.0,150.0
3.6,1.8,0.8999999999999999,9.206609353177841,1.0,10.0,5.0,173.0,79.0
3.6,1.8,4.5,2.187698520198524,5.483563605285197,11.236099999475261,11.940671005837451,182.0,175.0
3.6,1.8,4.5,2.1724822962867996,5.984078896516996,11.34636835326182,12.166390687023263,194.0,191.0
3.6,1.8,0.9,2.9797591522907405,8.058714506294917,13.688240227027011,12.204532059500437,171.0,168.0
3.6,1.8,0.9,1.1781295713585331,9.256103414867312,15.0,5.911953149223134,173.0,167.0
3.6,1.8,0.9,1.7876257187448057,3.9130276973177924,11.852149799708583,5.0,187.0,183.0
3.6,1.8,0.9,1.0,6.444299716301567,10.0,11.003240574168373,176.0,172.0
3.6,1.8,0.9,3.018718522296096,8.362318825298841,13.934617337340251,12.86300609947545,150.0,146.0
3.6,1.8,4.5,2.134478655374122,5.036578504591385,11.062928217121284,11.990331968960739,162.0,158.0
3.6,1.8,0.9,1.6760587385260841,7.116643943318131,10.902683375533021,5.0,178.0,174.0
3.6,1.8,0.9,3.000004558107321,8.05367319524434,13.669871141488596,11.949275854085702,188.0,183.0
3.6,1.8,4.5,1.0,3.947623965403339,10.401204505465694,5.0,155.0,150.0
3.6,1.8,0.9,1.7135372369787851,6.923226972779313,10.896835539762089,5.0,178.0,174.0
3.6,1.8,2.6379218102061004,1.0,3.199329835087793,10.0,13.790626982532114,167.0,154.0
3.6,1.8,0.9,1.0,8.538409018650663,15.0,13.93662526855157,184.0,178.0
3.6,1.8,0.9,8.17917573638783,1.0,15.0,15.0,182.0,160.0
3.6,1.8,1.7652833097195957,4.672016323645395,7.124956455054036,13.551170009372454,8.535507818327702,154.0,134.0
3.6,1.8,4.5,1.0,7.627738306451574,10.0,15.0,159.0,156.0
3.6,1.8,0.9,1.8153436006370338,4.695881831461042,15.0,6.480379855095724,185.0,180.0
3.6,1.8,0.9,1.0,6.191338092918389,10.0,11.407382081994724,162.0,155.0
3.6,1.8,2.682715632054937,1.230857150034342,4.208343496667858,11.152280743621997,5.0,185.0,181.0
3.6,1.8,0.9,5.226602015966611,9.727725493825558,15.0,5.0,171.0,159.0
3.6,1.8,4.5,1.0,7.413125867350619,10.0,15.0,193.0,190.0
3.6,1.8,2.8033886286443392,1.0203268080400827,3.8556587923408885,10.596771118695852,5.6633569673731445,167.0,164.0
3.6,1.8,0.9,2.357101562978657,4.184064876232006,13.256940193932628,11.226682057260053,180.0,174.0
3.6,1.8,4.5,4.088897864098448,15.0,10.0,8.988226329786832,167.0,160.0
3.6,1.8,0.9,1.0,5.3152387082176045,15.0,8.800085847565121,174.0,164.0
3.6,1.8,4.5,1.0,15.0,11.540559767013526,15.0,182.0,171.0
3.6,1.8,3.5788875717038917,2.0799617948743188,5.7121842607168745,10.907607661269724,11.506715022584343,186.0,169.0
3.6,1.8,3.307499139275831,1.0,4.056681724913045,10.223992592540244,6.1515765833950375,164.0,146.0
3.6,1.8,2.0411027773446273,1.0,12.799866953190794,15.0,13.617370533117764,194.0,192.0
3.6,1.8,4.5,1.0,7.709338704141696,10.724189313751161,15.0,173.0,165.0
3.6,1.8,2.018628075074457,1.5075541980017115,3.963431274674216,11.646238955198196,5.0,187.0,165.0
3.6,1.8,0.9,2.7384252084524756,7.744971903464246,13.7185047640754,12.339242619153355,158.0,154.0
3.6,1.8,0.9,1.7669234036081698,4.045417410678725,11.908386629728538,5.0,176.0,170.0
3.6,1.8,4.5,2.7905166931118273,15.0,11.186595337342196,10.555486147368619,159.0,152.0
3.6,1.8,0.9,1.7064966638719594,6.949617726504808,10.0,9.535593775361509,178.0,173.0
3.6,1.8,1.445087739454357,1.0,13.13600005028882,15.0,13.521519852222431,161.0,157.0
3.6,1.8,0.9,1.6256974717145947,7.053089269446054,10.982916774011006,5.0,175.0,173.0
3.6,1.8,0.9,4.18766507594494,15.0,10.0,11.169848551368002,177.0,174.0
3.6,1.8,0.9,3.0103508115616995,15.0,10.0,12.200796839124553,147.0,139.0
3.6,1.8,0.9,3.8143129355499963,15.0,10.0,13.15950923123827,157.0,155.0
3.6,1.8,0.9,3.296379057839672,15.0,11.534912678475251,12.63207138946542,175.0,165.0
3.6,1.8,0.9,3.8771962921434966,15.0,12.262461631130556,13.0369039276715,170.0,152.0
3.6,1.8,0.9,4.7700740068398995,15.0,10.0,9.199523390326357,166.0,156.0
3.6,1.8,0.9270216956994932,3.2347524478958043,15.0,10.056292229836263,12.734717444401216,186.0,184.0
3.6,1.8,0.9,1.583215874392394,7.22538634185661,10.917157594670027,5.0,161.0,159.0
3.6,1.8,0.9000000000011257,3.3303779476331914,15.0,10.0,11.607632762993807,169.0,164.0
3.6,1.8,0.9,3.947937281646161,15.0,12.046657376652384,12.07962446756141,177.0,163.0
3.6,1.8,2.1926220927101214,3.753961918388355,15.0,10.0,10.40512197134185,183.0,177.0
3.6,1.8,0.9,4.795355933404546,15.0,10.0,12.039422628139594,168.0,160.0
3.6,1.8,1.7141685447916961,4.8988865312904055,15.0,10.0,11.73838448259629,193.0,171.0
3.6,1.8,0.9,4.337251353636788,13.32521616953136,10.0,11.742224946509776,168.0,153.0
3.6,1.8,0.9,2.7802193852743695,7.742187293245235,13.853465512625009,12.47017575899976,185.0,174.0
3.6,1.8,0.9000000000113467,5.373753890869762,15.0,10.0,11.795781623091964,165.0,137.0
3.6,1.8,0.9,4.048646854470514,15.0,10.0,15.0,163.0,158.0
3.6,1.8,1.088894533923408,5.000645641998747,15.0,10.0,12.695238426020527,180.0,155.0
3.6,1.8,4.5,1.0,5.286007192721895,10.0,12.8229933519777,197.0,195.0
3.6,1.8,0.9,3.237351451105967,15.0,10.0,15.0,180.0,174.0
3.6,1.8,2.413460316100411,5.004475201828924,15.0,10.0,11.422746061593498,163.0,142.0
3.6,1.8,0.9,1.0,2.266059723576594,11.527604665118437,10.216288982918483,183.0,182.0
3.6,1.8,1.1500204408275456,2.5115915570011715,8.996042495975486,14.432280852595854,14.023692528731322,167.0,161.0
3.6,1.8,0.9,2.0952295427546472,4.219216928454097,13.43693788493549,5.0,188.0,181.0
3.6,1.8,0.9,2.1240078306039973,4.314327393551633,13.912740505518508,5.447614720445286,191.0,183.0
3.6,1.8,0.9,1.0,2.794954261592715,10.0,11.48749468262994,158.0,156.0
3.6,1.8,0.9,2.1659006913508594,7.563958277981746,10.889160981125453,10.632576408545827,172.0,170.0
3.6,1.8,0.9,2.985480634124788,15.0,10.0,14.017709366100501,185.0,178.0
3.6,1.8,4.5,4.700429933178688,15.0,10.0,5.0,158.0,149.0
3.6,1.8,0.9,1.582707320231811,7.243214836455426,10.90180374383903,5.0,152.0,149.0
3.6,1.8,4.5,1.0,5.319522290850906,10.0,12.850940070584564,180.0,176.0
3.6,1.8,0.9,1.0,2.253909763123997,11.475012533623321,10.21252756155975,166.0,165.0
3.6,1.8,2.430795933300814,1.0,12.536937507954063,15.0,13.498559558120165,171.0,164.0
3.6,1.8,0.9,1.5744246366884738,9.054936293343385,15.0,5.0,176.0,165.0
3.6,1.8,0.9,1.2748144511236204,2.278894380398664,11.977151461340283,10.393423940438801,183.0,183.0
3.6,1.8,0.9000000000000249,1.000000000000222,2.211267201513951,11.254919866988441,10.652572386539118,144.0,142.0
3.6,1.8,4.5,1.0,3.1612904423990846,11.906225039934876,5.0,144.0,141.0
3.6,1.8,4.5,1.0,12.498544379309926,15.0,12.561634438653952,166.0,165.0
3.6,1.8,4.5,1.0,4.524889934451127,10.0,12.230604606398217,169.0,164.0
3.6,1.8,0.9,0.9999999999999998,2.6654962971090175,10.0,11.279566362792051,168.0,165.0
3.6,1.8,0.9,1.6086014345131863,7.129997978706057,10.890269002431234,5.0,,
3.6,1.8,0.9,1.0,2.2194773044225364,11.65049782411576,10.172042375370511,187.0,178.0
3.6,1.8,0.9974046586111889,1.0,2.3783452595202563,12.160872101620011,10.186996742448471,175.0,173.0
3.6,1.8,0.9001546046101557,1.4417499957101536,2.4171517071910342,12.104814537674878,10.383763528425972,169.0,165.0
3.6,1.8,1.4176252816704484,1.2544964489192445,2.388521006941883,12.365346867859522,10.335036397993989,173.0,167.0
3.6,1.8,1.8719413532733173,1.0,2.3370440109911144,12.327889608625954,10.412023267017288,161.0,144.0
3.6,1.8,0.9000000000008131,1.4323926930970596,2.7312315755424796,12.439540074690983,10.545688588912379,176.0,174.0
3.6,1.8,0.9,2.1870824540778084,7.699119223395681,11.00080416692536,10.690477940270174,180.0,176.0
3.6,1.8,0.9000000000020528,1.7481247352878986,2.479101313298678,12.347535350320033,10.082882294787032,172.0,167.0
3.6,1.8,1.0474421558961706,1.0000000000085283,2.3831342318738034,12.537614920718573,10.053077590680617,172.0,167.0
3.6,1.8,0.9,2.015646378176797,2.4760898700247385,12.24264536030953,10.636570137770711,152.0,146.0
3.6,1.8,4.5,3.4222190122275005,15.0,10.0,7.409778105417548,181.0,176.0
3.6,1.8,0.9,2.1682861116470558,7.900463368161822,10.0,10.159564384236486,170.0,166.0
3.6,1.8,4.5,3.665692887872392,7.509573949018089,15.0,15.0,176.0,170.0
3.6,1.8,0.9,1.0,2.6895586165075707,10.0,11.222473245783164,172.0,168.0
3.6,1.8,0.9,2.0364736175830824,7.364574174799855,10.73044309989776,10.426700644877391,175.0,171.0
3.6,1.8,0.9,1.6172313920077428,7.138681993280632,10.89463780144488,5.0,155.0,151.0
3.6,1.8,0.9,2.398961358233331,8.637514406006634,10.0,9.887564060595771,192.0,187.0
3.6,1.8,0.9,1.0,3.0323898169770955,10.0,11.690068049346483,152.0,150.0
3.6,1.8,0.9,1.0,2.621682662869221,10.531897398467997,10.59713681642793,189.0,185.0
3.6,1.8,0.9,1.0,2.403501066058759,10.896784941384617,10.148620789750582,171.0,168.0
3.6,1.8,0.9,2.2173019292006177,9.231211691267902,15.0,8.619697088378,169.0,167.0
3.6,1.8,4.5,1.0,3.4871466759097425,11.720044538520506,5.0,181.0,178.0
3.6,2.0975440341522447,0.9,1.7133206161944714,7.428228628038948,11.084803588317817,5.0,187.0,181.0
3.6,1.8,0.9,1.0,2.7612360779057337,10.0,11.493241828215334,168.0,160.0
3.6,1.8,0.9,2.1708362118845708,3.9622481056848846,13.252483667977216,10.888587917144514,155.0,146.0
3.6,1.8,0.9,1.0,2.3959328260620394,10.285889598087138,6.689979042259637,161.0,160.0
3.6,1.8,4.5,6.6823965791413515,15.0,15.0,5.0,164.0,120.0
3.6,1.8,4.5,1.0,3.7062824270558785,10.0,11.742300284836784,168.0,164.0
3.6,1.8000000000001133,0.9,1.5939703876248938,7.181573775738141,10.839074496624118,5.0,170.0,167.0
3.6,2.096731954006128,0.9,1.7976865445776378,7.552282538181722,10.609010972639757,5.041018224509246,172.0,170.0
3.6,1.8,0.9,1.0,2.476625338017615,10.346952665916008,6.522373357660889,156.0,149.0
3.6,1.8,0.9,1.0,12.518603502821806,15.0,12.819011046011136,166.0,155.0
3.6,1.8,4.5,2.7807474089557376,6.647524353785428,12.640206541576775,12.376778509699045,171.0,167.0
3.6,1.8,0.9,1.0,2.316841760891805,10.317770880232354,7.0057012497767595,181.0,176.0
3.6,1.8,0.9,1.0,2.338108611238633,10.518662422780599,7.5558104809735305,182.0,177.0
3.6,1.8,4.5,1.0,3.5517487071947746,11.718174481694957,5.0,206.0,201.0
3.6,1.8,0.9,1.0000000000000255,2.165416589783597,10.000000000000068,6.606250428287965,171.0,166.0
3.6,1.8,0.9,2.4494417783407463,12.400987840540573,15.0,10.576260148679738,187.0,185.0
3.6,1.8,4.5,3.024619243734498,7.035046734334578,12.973294719833856,12.633154451396061,153.0,149.0
3.6,1.8,4.5,1.0,9.13904142828361,15.0,15.0,177.0,173.0
