event_id,det_id,track_id,xtop,ytop,z,xbot,ybot,StatNb,ViewNb,PlaneNb,LayerNb,StrawNb
11.0,10002254.0,4.0,225.012214055,24.9762269248,2581.15,-225.012214055,24.9762269248,1.0,0.0,0.0,0.0,254.0
11.0,10112254.0,4.0,225.012214055,25.4162269248,2584.85,-225.012214055,25.4162269248,1.0,0.0,1.0,1.0,254.0
11.0,11012246.0,4.0,220.717137884,58.9171907125,2592.25,-227.594811411,19.6949774259,1.0,1.0,0.0,1.0,246.0
11.0,11112246.0,4.0,220.755486411,58.4788650453,2594.85,-227.556462884,19.2566517588,1.0,1.0,1.0,1.0,246.0
11.0,12002262.0,4.0,225.147478155,-8.27816969649,2601.15,-223.16447114,30.9440435901,1.0,2.0,0.0,0.0,262.0
11.0,12102262.0,4.0,225.109129628,-8.71649536365,2603.75,-223.202819667,30.5057179229,1.0,2.0,1.0,0.0,262.0
11.0,12112262.0,4.0,225.185826682,-7.83984402933,2604.85,-223.126122614,31.3823692572,1.0,2.0,1.0,1.0,262.0
11.0,13012254.0,4.0,225.012214055,25.8562269248,2612.25,-225.012214055,25.8562269248,1.0,3.0,0.0,1.0,254.0
11.0,13112254.0,4.0,225.012214055,25.4162269248,2614.85,-225.012214055,25.4162269248,1.0,3.0,1.0,1.0,254.0
11.0,20002252.0,4.0,225.012214055,28.3762269248,2781.15,-225.012214055,28.3762269248,2.0,0.0,0.0,0.0,252.0
11.0,20112252.0,4.0,225.012214055,28.8162269248,2784.85,-225.012214055,28.8162269248,2.0,0.0,1.0,1.0,252.0
11.0,21002243.0,4.0,220.34934065,63.1211323384,2791.15,-227.962608646,23.8989190519,2.0,1.0,0.0,0.0,243.0
11.0,21102243.0,4.0,220.387689176,62.6828066713,2793.75,-227.924260119,23.4605933847,2.0,1.0,1.0,0.0,243.0
11.0,22012261.0,4.0,225.372339971,-5.70798737541,2802.25,-222.939609324,33.5142259111,2.0,2.0,0.0,1.0,261.0
11.0,22102260.0,4.0,225.405459153,-5.32943339014,2803.75,-222.906490142,33.8927798964,2.0,2.0,1.0,0.0,260.0
11.0,23012252.0,4.0,225.012214055,29.2562269248,2812.25,-225.012214055,29.2562269248,2.0,3.0,0.0,1.0,252.0
11.0,23102251.0,4.0,225.012214055,29.6362269248,2813.75,-225.012214055,29.6362269248,2.0,3.0,1.0,0.0,251.0
11.0,23112252.0,4.0,225.012214055,28.8162269248,2814.85,-225.012214055,28.8162269248,2.0,3.0,1.0,1.0,252.0
11.0,30002274.0,4.0,249.9992,34.2,3321.15,-249.9992,34.2,3.0,0.0,0.0,0.0,274.0
11.0,30102274.0,4.0,249.9992,33.76,3323.75,-249.9992,33.76,3.0,0.0,1.0,0.0,274.0
11.0,30112274.0,4.0,249.9992,34.64,3324.85,-249.9992,34.64,3.0,0.0,1.0,1.0,274.0
11.0,31012265.0,4.0,244.656971248,71.9771548522,3332.25,-253.438783887,28.3994229275,3.0,1.0,0.0,1.0,265.0
11.0,31102264.0,4.0,244.623852065,72.3557088375,3333.75,-253.471903069,28.7779769128,3.0,1.0,1.0,0.0,264.0
11.0,32002284.0,4.0,250.546956342,-4.65431715514,3341.15,-247.548798792,38.9234147695,3.0,2.0,0.0,0.0,284.0
11.0,32012284.0,4.0,250.623653396,-3.77766582082,3342.25,-247.472101738,39.8000661038,3.0,2.0,0.0,1.0,284.0
11.0,32112284.0,4.0,250.585304869,-4.21599148798,3344.85,-247.510450265,39.3617404367,3.0,2.0,1.0,1.0,284.0
11.0,33002274.0,4.0,249.9992,34.2,3351.15,-249.9992,34.2,3.0,3.0,0.0,0.0,274.0
11.0,33112274.0,4.0,249.9992,34.64,3354.85,-249.9992,34.64,3.0,3.0,1.0,1.0,274.0
11.0,40002274.0,4.0,249.9992,34.2,3521.15,-249.9992,34.2,4.0,0.0,0.0,0.0,274.0
11.0,40112274.0,4.0,249.9992,34.64,3524.85,-249.9992,34.64,4.0,0.0,1.0,1.0,274.0
11.0,41002264.0,4.0,244.585503538,72.7940345046,3531.15,-253.510251596,29.21630258,4.0,1.0,0.0,0.0,264.0
11.0,41112264.0,4.0,244.547155012,73.2323601718,3534.85,-253.548600123,29.6546282471,4.0,1.0,1.0,1.0,264.0
11.0,42002284.0,4.0,250.546956342,-4.65431715514,3541.15,-247.548798792,38.9234147695,4.0,2.0,0.0,0.0,284.0
11.0,42102284.0,4.0,250.508607816,-5.0926428223,3543.75,-247.587147319,38.4850891023,4.0,2.0,1.0,0.0,284.0
11.0,42112284.0,4.0,250.585304869,-4.21599148798,3544.85,-247.510450265,39.3617404367,4.0,2.0,1.0,1.0,284.0
11.0,43002274.0,4.0,249.9992,34.2,3551.15,-249.9992,34.2,4.0,3.0,0.0,0.0,274.0
11.0,43112274.0,4.0,249.9992,34.64,3554.85,-249.9992,34.64,4.0,3.0,1.0,1.0,274.0
11.0,10012281.0,3.0,225.012214055,-20.0437730752,2582.25,-225.012214055,-20.0437730752,1.0,0.0,0.0,1.0,281.0
11.0,10112281.0,3.0,225.012214055,-20.4837730752,2584.85,-225.012214055,-20.4837730752,1.0,0.0,1.0,1.0,281.0
11.0,11002275.0,3.0,225.090613055,8.92814076223,2591.15,-223.22133624,-30.2940725243,1.0,1.0,0.0,0.0,275.0
11.0,11102275.0,3.0,225.128961582,8.48981509507,2593.75,-223.182987713,-30.7323981915,1.0,1.0,1.0,0.0,275.0
11.0,12002286.0,3.0,221.591523851,-48.9229133786,2601.15,-226.720425444,-9.70070009209,1.0,2.0,0.0,0.0,286.0
11.0,12102286.0,3.0,221.553175324,-49.3612390458,2603.75,-226.758773971,-10.1390257592,1.0,2.0,1.0,0.0,286.0
11.0,13002281.0,3.0,225.012214055,-20.9237730752,2611.15,-225.012214055,-20.9237730752,1.0,3.0,0.0,0.0,281.0
11.0,13012281.0,3.0,225.012214055,-20.0437730752,2612.25,-225.012214055,-20.0437730752,1.0,3.0,0.0,1.0,281.0
11.0,13112281.0,3.0,225.012214055,-20.4837730752,2614.85,-225.012214055,-20.4837730752,1.0,3.0,1.0,1.0,281.0
11.0,20002282.0,3.0,225.012214055,-22.6237730752,2781.15,-225.012214055,-22.6237730752,2.0,0.0,0.0,0.0,282.0
11.0,20112282.0,3.0,225.012214055,-22.1837730752,2784.85,-225.012214055,-22.1837730752,2.0,0.0,1.0,1.0,282.0
11.0,21012277.0,3.0,225.310245527,6.41773012304,2792.25,-223.001703769,-32.8044831635,2.0,1.0,0.0,1.0,277.0
11.0,21102276.0,3.0,225.277126345,6.79628410831,2793.75,-223.034822951,-32.4259291782,2.0,1.0,1.0,0.0,276.0
11.0,21112277.0,3.0,225.348594054,5.97940445588,2794.85,-222.963355242,-33.2428088307,2.0,1.0,1.0,1.0,277.0
11.0,22002287.0,3.0,221.443359088,-50.6164443654,2801.15,-226.868590207,-11.3942310788,2.0,2.0,0.0,0.0,287.0
11.0,22012288.0,3.0,221.371891379,-51.4333240178,2802.25,-226.940057916,-12.2111107313,2.0,2.0,0.0,1.0,288.0
11.0,22102287.0,3.0,221.405010561,-51.0547700326,2803.75,-226.906938734,-11.832556746,2.0,2.0,1.0,0.0,287.0
11.0,23002282.0,3.0,225.012214055,-22.6237730752,2811.15,-225.012214055,-22.6237730752,2.0,3.0,0.0,0.0,282.0
11.0,23102282.0,3.0,225.012214055,-23.0637730752,2813.75,-225.012214055,-23.0637730752,2.0,3.0,1.0,0.0,282.0
11.0,23112282.0,3.0,225.012214055,-22.1837730752,2814.85,-225.012214055,-22.1837730752,2.0,3.0,1.0,1.0,282.0
11.0,30002309.0,3.0,249.9992,-25.3,3321.15,-249.9992,-25.3,3.0,0.0,0.0,0.0,309.0
11.0,30012310.0,3.0,249.9992,-26.12,3322.25,-249.9992,-26.12,3.0,0.0,0.0,1.0,310.0
11.0,30102309.0,3.0,249.9992,-25.74,3323.75,-249.9992,-25.74,3.0,0.0,1.0,0.0,309.0
11.0,31002304.0,3.0,250.512094045,5.05279503438,3331.15,-247.583661089,-38.5249368903,3.0,1.0,0.0,0.0,304.0
11.0,31112304.0,3.0,250.473745519,5.49112070154,3334.85,-247.622009616,-38.0866112231,3.0,1.0,1.0,1.0,304.0
11.0,32012315.0,3.0,246.030545753,-56.2771264103,3342.25,-252.065209381,-12.6993944856,3.0,2.0,0.0,1.0,315.0
11.0,32112315.0,3.0,245.992197226,-56.7154520774,3344.85,-252.103557908,-13.1377201528,3.0,2.0,1.0,1.0,315.0
11.0,33012310.0,3.0,249.9992,-26.12,3352.25,-249.9992,-26.12,3.0,3.0,0.0,1.0,310.0
11.0,33102309.0,3.0,249.9992,-25.74,3353.75,-249.9992,-25.74,3.0,3.0,1.0,0.0,309.0
11.0,40012310.0,3.0,249.9992,-26.12,3522.25,-249.9992,-26.12,4.0,0.0,0.0,1.0,310.0
11.0,40102309.0,3.0,249.9992,-25.74,3523.75,-249.9992,-25.74,4.0,0.0,1.0,0.0,309.0
11.0,41002304.0,3.0,250.512094045,5.05279503438,3531.15,-247.583661089,-38.5249368903,4.0,1.0,0.0,0.0,304.0
11.0,41102304.0,3.0,250.550442572,4.61446936722,3533.75,-247.545312562,-38.9632625574,4.0,1.0,1.0,0.0,304.0
11.0,42002315.0,3.0,245.9538487,-57.1537777446,3541.15,-252.141906435,-13.5760458199,4.0,2.0,0.0,0.0,315.0
11.0,42012315.0,3.0,246.030545753,-56.2771264103,3542.25,-252.065209381,-12.6993944856,4.0,2.0,0.0,1.0,315.0
11.0,42112315.0,3.0,245.992197226,-56.7154520774,3544.85,-252.103557908,-13.1377201528,4.0,2.0,1.0,1.0,315.0
11.0,43012310.0,3.0,249.9992,-26.12,3552.25,-249.9992,-26.12,4.0,3.0,0.0,1.0,310.0
11.0,43102309.0,3.0,249.9992,-25.74,3553.75,-249.9992,-25.74,4.0,3.0,1.0,0.0,309.0
11.0,43112310.0,3.0,249.9992,-26.56,3554.85,-249.9992,-26.56,4.0,3.0,1.0,1.0,310.0
13.0,10012250.0,4.0,225.012214055,32.6562269248,2582.25,-225.012214055,32.6562269248,1.0,0.0,0.0,1.0,250.0
13.0,10102249.0,4.0,225.012214055,33.0362269248,2583.75,-225.012214055,33.0362269248,1.0,0.0,1.0,0.0,249.0
13.0,11012257.0,4.0,222.346950273,40.2883498582,2592.25,-225.964999022,1.06613657161,1.0,1.0,0.0,1.0,257.0
13.0,11102256.0,4.0,222.313831091,40.6669038434,2593.75,-225.998118204,1.44469055688,1.0,1.0,1.0,0.0,256.0
13.0,12002243.0,4.0,227.962608646,23.8989190519,2601.15,-220.34934065,63.1211323384,1.0,2.0,0.0,0.0,243.0
13.0,12112243.0,4.0,228.000957173,24.337244719,2604.85,-220.310992123,63.5594580056,1.0,2.0,1.0,1.0,243.0
13.0,13012250.0,4.0,225.012214055,32.6562269248,2612.25,-225.012214055,32.6562269248,1.0,3.0,0.0,1.0,250.0
13.0,13112250.0,4.0,225.012214055,32.2162269248,2614.85,-225.012214055,32.2162269248,1.0,3.0,1.0,1.0,250.0
13.0,20012252.0,4.0,225.012214055,29.2562269248,2782.25,-225.012214055,29.2562269248,2.0,0.0,0.0,1.0,252.0
13.0,20112252.0,4.0,225.012214055,28.8162269248,2784.85,-225.012214055,28.8162269248,2.0,0.0,1.0,1.0,252.0
13.0,21002259.0,4.0,222.719976852,36.0246365503,2791.15,-225.591972443,-3.19757673622,2.0,1.0,0.0,0.0,259.0
13.0,21102259.0,4.0,222.758325379,35.5863108832,2793.75,-225.553623916,-3.63590240338,2.0,1.0,1.0,0.0,259.0
13.0,22012245.0,4.0,227.742976174,21.3885084127,2802.25,-220.568973121,60.6107216992,2.0,2.0,0.0,1.0,245.0
13.0,22112245.0,4.0,227.704627647,20.9501827455,2804.85,-220.607321648,60.1723960321,2.0,2.0,1.0,1.0,245.0
13.0,23002252.0,4.0,225.012214055,28.3762269248,2811.15,-225.012214055,28.3762269248,2.0,3.0,0.0,0.0,252.0
13.0,23102252.0,4.0,225.012214055,27.9362269248,2813.75,-225.012214055,27.9362269248,2.0,3.0,1.0,0.0,252.0
13.0,30012286.0,4.0,249.9992,14.68,3322.25,-249.9992,14.68,3.0,0.0,0.0,1.0,286.0
13.0,30112286.0,4.0,249.9992,14.24,3324.85,-249.9992,14.24,3.0,0.0,1.0,1.0,286.0
13.0,31012295.0,4.0,249.101914128,21.1712252495,3332.25,-248.993841007,-22.4065066751,3.0,1.0,0.0,1.0,295.0
13.0,31102294.0,4.0,249.068794945,21.5497792348,3333.75,-249.026960189,-22.0279526899,3.0,1.0,1.0,0.0,294.0
13.0,32002278.0,4.0,251.435944918,5.50686876539,3341.15,-246.659810216,49.08460069,3.0,2.0,0.0,0.0,278.0
13.0,32012278.0,4.0,251.512641972,6.38352009971,3342.25,-246.583113162,49.9612520244,3.0,2.0,0.0,1.0,278.0
13.0,32112278.0,4.0,251.474293445,5.94519443255,3344.85,-246.621461689,49.5229263572,3.0,2.0,1.0,1.0,278.0
13.0,33012287.0,4.0,249.9992,12.98,3352.25,-249.9992,12.98,3.0,3.0,0.0,1.0,287.0
13.0,33102286.0,4.0,249.9992,13.36,3353.75,-249.9992,13.36,3.0,3.0,1.0,0.0,286.0
13.0,40002290.0,4.0,249.9992,7.0,3521.15,-249.9992,7.0,4.0,0.0,0.0,0.0,290.0
13.0,40102290.0,4.0,249.9992,6.56,3523.75,-249.9992,6.56,4.0,0.0,1.0,0.0,290.0
13.0,40112290.0,4.0,249.9992,7.44,3524.85,-249.9992,7.44,4.0,0.0,1.0,1.0,290.0
13.0,41002299.0,4.0,249.771270232,13.5204499682,3531.15,-248.324484902,-30.0572819565,4.0,1.0,0.0,0.0,299.0
13.0,41102299.0,4.0,249.809618759,13.082124301,3533.75,-248.286136376,-30.4956076236,4.0,1.0,1.0,0.0,299.0
13.0,41112299.0,4.0,249.732921705,13.9587756353,3534.85,-248.362833429,-29.6189562893,4.0,1.0,1.0,1.0,299.0
13.0,42012282.0,4.0,250.919982921,-0.39060384731,3542.25,-247.175772213,43.1871280773,4.0,2.0,0.0,1.0,282.0
13.0,42112282.0,4.0,250.881634395,-0.82892951447,3544.85,-247.21412074,42.7488024102,4.0,2.0,1.0,1.0,282.0
13.0,43012291.0,4.0,249.9992,6.18,3552.25,-249.9992,6.18,4.0,3.0,0.0,1.0,291.0
13.0,43112291.0,4.0,249.9992,5.74,3554.85,-249.9992,5.74,4.0,3.0,1.0,1.0,291.0
13.0,10012241.0,3.0,225.012214055,47.9562269248,2582.25,-225.012214055,47.9562269248,1.0,0.0,0.0,1.0,241.0
13.0,10102240.0,3.0,225.012214055,48.3362269248,2583.75,-225.012214055,48.3362269248,1.0,0.0,1.0,0.0,240.0
13.0,11002246.0,3.0,220.793834938,58.0405393782,2591.15,-227.518114358,18.8183260916,1.0,1.0,0.0,0.0,246.0
13.0,11102246.0,3.0,220.832183464,57.602213711,2593.75,-227.479765831,18.3800004244,1.0,1.0,1.0,0.0,246.0
13.0,12012235.0,3.0,229.224623801,38.3238182802,2602.25,-219.087325495,77.5460315668,1.0,2.0,0.0,1.0,235.0
13.0,12102234.0,3.0,229.257742983,38.7023722655,2603.75,-219.054206312,77.9245855521,1.0,2.0,1.0,0.0,234.0
13.0,13002240.0,3.0,225.012214055,48.7762269248,2611.15,-225.012214055,48.7762269248,1.0,3.0,0.0,0.0,240.0
13.0,13112240.0,3.0,225.012214055,49.2162269248,2614.85,-225.012214055,49.2162269248,1.0,3.0,1.0,1.0,240.0
13.0,20002237.0,3.0,225.012214055,53.8762269248,2781.15,-225.012214055,53.8762269248,2.0,0.0,0.0,0.0,237.0
13.0,20112237.0,3.0,225.012214055,54.3162269248,2784.85,-225.012214055,54.3162269248,2.0,0.0,1.0,1.0,237.0
13.0,21012243.0,3.0,220.272643596,63.9977836727,2792.25,-228.039305699,24.7755703862,2.0,1.0,0.0,1.0,243.0
13.0,21102242.0,3.0,220.239524414,64.376337658,2793.75,-228.072424882,25.1541243715,2.0,1.0,1.0,0.0,242.0
13.0,22002231.0,3.0,229.740585798,44.2212908929,2801.15,-218.571363498,83.4435041795,2.0,2.0,0.0,0.0,231.0
13.0,22102231.0,3.0,229.702237271,43.7829652258,2803.75,-218.609712024,83.0051785123,2.0,2.0,1.0,0.0,231.0
13.0,22112231.0,3.0,229.778934325,44.6596165601,2804.85,-218.533014971,83.8818298467,2.0,2.0,1.0,1.0,231.0
13.0,23012237.0,3.0,225.012214055,54.7562269248,2812.25,-225.012214055,54.7562269248,2.0,3.0,0.0,1.0,237.0
13.0,23102236.0,3.0,225.012214055,55.1362269248,2813.75,-225.012214055,55.1362269248,2.0,3.0,1.0,0.0,236.0
13.0,30002250.0,3.0,249.9992,75.0,3321.15,-249.9992,75.0,3.0,0.0,0.0,0.0,250.0
13.0,30012251.0,3.0,249.9992,74.18,3322.25,-249.9992,74.18,3.0,0.0,0.0,1.0,251.0
13.0,30102250.0,3.0,249.9992,74.56,3323.75,-249.9992,74.56,3.0,0.0,1.0,0.0,250.0
13.0,31012256.0,3.0,243.323488384,87.218933733,3332.25,-254.772266751,43.6412018083,3.0,1.0,0.0,1.0,256.0
13.0,31102255.0,3.0,243.290369201,87.5974877183,3333.75,-254.805385933,44.0197557936,3.0,1.0,1.0,0.0,255.0
13.0,32012245.0,3.0,256.40207914,62.2700426627,3342.25,-241.693675994,105.847774587,3.0,2.0,0.0,1.0,245.0
13.0,32112245.0,3.0,256.363730613,61.8317169955,3344.85,-241.732024521,105.40944892,3.0,2.0,1.0,1.0,245.0
13.0,33012250.0,3.0,249.9992,75.88,3352.25,-249.9992,75.88,3.0,3.0,0.0,1.0,250.0
13.0,33102249.0,3.0,249.9992,76.26,3353.75,-249.9992,76.26,3.0,3.0,1.0,0.0,249.0
13.0,40012245.0,3.0,249.9992,84.38,3522.25,-249.9992,84.38,4.0,0.0,0.0,1.0,245.0
13.0,40112245.0,3.0,249.9992,83.94,3524.85,-249.9992,83.94,4.0,0.0,1.0,1.0,245.0
13.0,41012250.0,3.0,242.434499807,97.3801196535,3532.25,-255.661255327,53.8023877289,4.0,1.0,0.0,1.0,250.0
13.0,41112250.0,3.0,242.472848334,96.9417939864,3534.85,-255.6229068,53.3640620617,4.0,1.0,1.0,1.0,250.0
13.0,42012240.0,3.0,257.142902954,70.7376975964,3542.25,-240.952852181,114.315429521,4.0,2.0,0.0,1.0,240.0
13.0,42102239.0,3.0,257.176022136,71.1162515817,3543.75,-240.919732999,114.693983506,4.0,2.0,1.0,0.0,239.0
13.0,43002244.0,3.0,249.9992,85.2,3551.15,-249.9992,85.2,4.0,3.0,0.0,0.0,244.0
13.0,43112244.0,3.0,249.9992,85.64,3554.85,-249.9992,85.64,4.0,3.0,1.0,1.0,244.0
17.0,10002205.0,4.0,225.012214055,108.276226925,2581.15,-225.012214055,108.276226925,1.0,0.0,0.0,0.0,205.0
17.0,10012206.0,4.0,225.012214055,107.456226925,2582.25,-225.012214055,107.456226925,1.0,0.0,0.0,1.0,206.0
17.0,10102205.0,4.0,225.012214055,107.836226925,2583.75,-225.012214055,107.836226925,1.0,0.0,1.0,0.0,205.0
17.0,11012214.0,4.0,215.975865479,113.110182289,2592.25,-232.336083817,73.8879690021,1.0,1.0,0.0,1.0,214.0
17.0,11112214.0,4.0,216.014214005,112.671856622,2594.85,-232.29773529,73.449643335,1.0,1.0,1.0,1.0,214.0
17.0,12002197.0,4.0,234.778187729,101.801344443,2601.15,-213.533761567,141.023557729,1.0,2.0,0.0,0.0,197.0
17.0,12012197.0,4.0,234.854884782,102.677995777,2602.25,-213.457064513,141.900209064,1.0,2.0,0.0,1.0,197.0
17.0,12112197.0,4.0,234.816536255,102.23967011,2604.85,-213.49541304,141.461883396,1.0,2.0,1.0,1.0,197.0
17.0,13002205.0,4.0,225.012214055,108.276226925,2611.15,-225.012214055,108.276226925,1.0,3.0,0.0,0.0,205.0
17.0,13012205.0,4.0,225.012214055,109.156226925,2612.25,-225.012214055,109.156226925,1.0,3.0,0.0,1.0,205.0
17.0,13112205.0,4.0,225.012214055,108.716226925,2614.85,-225.012214055,108.716226925,1.0,3.0,1.0,1.0,205.0
17.0,20002202.0,4.0,225.012214055,113.376226925,2781.15,-225.012214055,113.376226925,2.0,0.0,0.0,0.0,202.0
17.0,20102202.0,4.0,225.012214055,112.936226925,2783.75,-225.012214055,112.936226925,2.0,0.0,1.0,0.0,202.0
17.0,21002211.0,4.0,215.608068244,117.314123915,2791.15,-232.703881051,78.0919106281,2.0,1.0,0.0,0.0,211.0
17.0,21102211.0,4.0,215.646416771,116.875798247,2793.75,-232.665532524,77.6535849609,2.0,1.0,1.0,0.0,211.0
17.0,22002193.0,4.0,235.370846779,108.57546839,2801.15,-212.941102516,147.797681676,2.0,2.0,0.0,0.0,193.0
17.0,22012194.0,4.0,235.29937907,107.758588737,2802.25,-213.012570225,146.980802024,2.0,2.0,0.0,1.0,194.0
17.0,22102193.0,4.0,235.332498252,108.137142723,2803.75,-212.979451043,147.359356009,2.0,2.0,1.0,0.0,193.0
17.0,23012202.0,4.0,225.012214055,114.256226925,2812.25,-225.012214055,114.256226925,2.0,3.0,0.0,1.0,202.0
17.0,23112202.0,4.0,225.012214055,113.816226925,2814.85,-225.012214055,113.816226925,2.0,3.0,1.0,1.0,202.0
17.0,30002216.0,4.0,249.9992,132.8,3321.15,-249.9992,132.8,3.0,0.0,0.0,0.0,216.0
17.0,30112216.0,4.0,249.9992,133.24,3324.85,-249.9992,133.24,3.0,0.0,1.0,1.0,216.0
17.0,31002226.0,4.0,238.955242557,137.148212001,3331.15,-259.140512577,93.5704800767,3.0,1.0,0.0,0.0,226.0
17.0,31102226.0,4.0,238.993591084,136.709886334,3333.75,-259.102164051,93.1321544095,3.0,1.0,1.0,0.0,226.0
17.0,31112226.0,4.0,238.91689403,137.586537669,3334.85,-259.178861104,94.0088057439,3.0,1.0,1.0,1.0,226.0
17.0,32012206.0,4.0,262.180504884,128.317751146,3342.25,-235.91525025,171.895483071,3.0,2.0,0.0,1.0,206.0
17.0,32102205.0,4.0,262.213624067,128.696305131,3343.75,-235.882131068,172.274037056,3.0,2.0,1.0,0.0,205.0
17.0,33002215.0,4.0,249.9992,134.5,3351.15,-249.9992,134.5,3.0,3.0,0.0,0.0,215.0
17.0,33102215.0,4.0,249.9992,134.06,3353.75,-249.9992,134.06,3.0,3.0,1.0,0.0,215.0
17.0,33112215.0,4.0,249.9992,134.94,3354.85,-249.9992,134.94,3.0,3.0,1.0,1.0,215.0
17.0,40002210.0,4.0,249.9992,143.0,3521.15,-249.9992,143.0,4.0,0.0,0.0,0.0,210.0
17.0,40102210.0,4.0,249.9992,142.56,3523.75,-249.9992,142.56,4.0,0.0,1.0,0.0,210.0
17.0,41002221.0,4.0,238.214418744,145.615866935,3531.15,-259.881336391,102.03813501,4.0,1.0,0.0,0.0,221.0
17.0,41112221.0,4.0,238.176070217,146.054192602,3534.85,-259.919684918,102.476460678,4.0,1.0,1.0,1.0,221.0
17.0,42002199.0,4.0,263.140961169,139.295816719,3541.15,-234.954793965,182.873548644,4.0,2.0,0.0,0.0,199.0
17.0,42012200.0,4.0,263.06949346,138.478937067,3542.25,-235.026261674,182.056668991,4.0,2.0,0.0,1.0,200.0
17.0,42102199.0,4.0,263.102612643,138.857491052,3543.75,-234.993142492,182.435222977,4.0,2.0,1.0,0.0,199.0
17.0,43012210.0,4.0,249.9992,143.88,3552.25,-249.9992,143.88,4.0,3.0,0.0,1.0,210.0
17.0,43102209.0,4.0,249.9992,144.26,3553.75,-249.9992,144.26,4.0,3.0,1.0,0.0,209.0
17.0,10012247.0,3.0,225.012214055,37.7562269248,2582.25,-225.012214055,37.7562269248,1.0,0.0,0.0,1.0,247.0
17.0,10102246.0,3.0,225.012214055,38.1362269248,2583.75,-225.012214055,38.1362269248,1.0,0.0,1.0,0.0,246.0
17.0,10112247.0,3.0,225.012214055,37.3162269248,2584.85,-225.012214055,37.3162269248,1.0,0.0,1.0,1.0,247.0
17.0,11012246.0,3.0,220.717137884,58.9171907125,2592.25,-227.594811411,19.6949774259,1.0,1.0,0.0,1.0,246.0
17.0,11102245.0,3.0,220.684018702,59.2957446977,2593.75,-227.627930594,20.0735314112,1.0,1.0,1.0,0.0,245.0
17.0,12002248.0,3.0,227.221784832,15.4312641181,2601.15,-221.090164463,54.6534774046,1.0,2.0,0.0,0.0,248.0
17.0,12112248.0,3.0,227.260133359,15.8695897853,2604.85,-221.051815936,55.0918030718,1.0,2.0,1.0,1.0,248.0
17.0,13012247.0,3.0,225.012214055,37.7562269248,2612.25,-225.012214055,37.7562269248,1.0,3.0,0.0,1.0,247.0
17.0,13112247.0,3.0,225.012214055,37.3162269248,2614.85,-225.012214055,37.3162269248,1.0,3.0,1.0,1.0,247.0
17.0,20002247.0,3.0,225.012214055,36.8762269248,2781.15,-225.012214055,36.8762269248,2.0,0.0,0.0,0.0,247.0
17.0,20102247.0,3.0,225.012214055,36.4362269248,2783.75,-225.012214055,36.4362269248,2.0,0.0,1.0,0.0,247.0
17.0,21012246.0,3.0,220.717137884,58.9171907125,2792.25,-227.594811411,19.6949774259,2.0,1.0,0.0,1.0,246.0
17.0,21112246.0,3.0,220.755486411,58.4788650453,2794.85,-227.556462884,19.2566517588,2.0,1.0,1.0,1.0,246.0
17.0,22002249.0,3.0,227.07362007,13.7377331313,2801.15,-221.238329226,52.9599464179,2.0,2.0,0.0,0.0,249.0
17.0,22012249.0,3.0,227.150317123,14.6143844657,2802.25,-221.161632172,53.8365977522,2.0,2.0,0.0,1.0,249.0
17.0,22112249.0,3.0,227.111968596,14.1760587985,2804.85,-221.199980699,53.398272085,2.0,2.0,1.0,1.0,249.0
17.0,23002247.0,3.0,225.012214055,36.8762269248,2811.15,-225.012214055,36.8762269248,2.0,3.0,0.0,0.0,247.0
17.0,23102247.0,3.0,225.012214055,36.4362269248,2813.75,-225.012214055,36.4362269248,2.0,3.0,1.0,0.0,247.0
17.0,30002276.0,3.0,249.9992,30.8,3321.15,-249.9992,30.8,3.0,0.0,0.0,0.0,276.0
17.0,30102276.0,3.0,249.9992,30.36,3323.75,-249.9992,30.36,3.0,0.0,1.0,0.0,276.0
17.0,31002274.0,3.0,246.067151165,55.8587246371,3331.15,-252.028603969,12.2809927124,3.0,1.0,0.0,0.0,274.0
17.0,31102274.0,3.0,246.105499692,55.4203989699,3333.75,-251.990255442,11.8426670453,3.0,1.0,1.0,0.0,274.0
17.0,32012279.0,3.0,251.364477209,4.68998911296,3342.25,-246.731277925,48.2677210376,3.0,2.0,0.0,1.0,279.0
17.0,32102278.0,3.0,251.397596392,5.06854309823,3343.75,-246.698158743,48.6462750229,3.0,2.0,1.0,0.0,278.0
17.0,32112279.0,3.0,251.326128683,4.2516634458,3344.85,-246.769626452,47.8293953704,3.0,2.0,1.0,1.0,279.0
17.0,33012277.0,3.0,249.9992,29.98,3352.25,-249.9992,29.98,3.0,3.0,0.0,1.0,277.0
17.0,33102276.0,3.0,249.9992,30.36,3353.75,-249.9992,30.36,3.0,3.0,1.0,0.0,276.0
17.0,40002278.0,3.0,249.9992,27.4,3521.15,-249.9992,27.4,4.0,0.0,0.0,0.0,278.0
17.0,40012279.0,3.0,249.9992,26.58,3522.25,-249.9992,26.58,4.0,0.0,0.0,1.0,279.0
17.0,40102278.0,3.0,249.9992,26.96,3523.75,-249.9992,26.96,4.0,0.0,1.0,0.0,278.0
17.0,41002276.0,3.0,246.363480691,52.4716626635,3531.15,-251.732274444,8.89393073891,4.0,1.0,0.0,0.0,276.0
17.0,41102276.0,3.0,246.401829217,52.0333369964,3533.75,-251.693925917,8.45560507175,4.0,1.0,1.0,0.0,276.0
17.0,42002281.0,3.0,250.99145063,0.426275805126,3541.15,-247.104304504,44.0040077298,4.0,2.0,0.0,0.0,281.0
17.0,42112281.0,3.0,251.029799157,0.864601472286,3544.85,-247.065955977,44.4423333969,4.0,2.0,1.0,1.0,281.0
17.0,43012279.0,3.0,249.9992,26.58,3552.25,-249.9992,26.58,4.0,3.0,0.0,1.0,279.0
17.0,43112279.0,3.0,249.9992,26.14,3554.85,-249.9992,26.14,4.0,3.0,1.0,1.0,279.0
26.0,10012341.0,4.0,225.012214055,-122.043773075,2582.25,-225.012214055,-122.043773075,1.0,0.0,0.0,1.0,341.0
26.0,10112341.0,4.0,225.012214055,-122.483773075,2584.85,-225.012214055,-122.483773075,1.0,0.0,1.0,1.0,341.0
26.0,11002348.0,4.0,235.90664073,-114.699621271,2591.15,-212.405308565,-153.921834558,1.0,1.0,0.0,0.0,348.0
26.0,11112348.0,4.0,235.868292203,-114.261295604,2594.85,-212.443657092,-153.48350889,1.0,1.0,1.0,1.0,348.0
26.0,12002333.0,4.0,214.627780005,-128.518869756,2601.15,-233.68416929,-89.2966564696,1.0,2.0,0.0,0.0,333.0
26.0,12102333.0,4.0,214.589431479,-128.957195423,2603.75,-233.722517817,-89.7349821368,1.0,2.0,1.0,0.0,333.0
26.0,13002341.0,4.0,225.012214055,-122.923773075,2611.15,-225.012214055,-122.923773075,1.0,3.0,0.0,0.0,341.0
26.0,13102341.0,4.0,225.012214055,-123.363773075,2613.75,-225.012214055,-123.363773075,1.0,3.0,1.0,0.0,341.0
26.0,20002344.0,4.0,225.012214055,-128.023773075,2781.15,-225.012214055,-128.023773075,2.0,0.0,0.0,0.0,344.0
26.0,20112344.0,4.0,225.012214055,-127.583773075,2784.85,-225.012214055,-127.583773075,2.0,0.0,1.0,1.0,344.0
26.0,21002351.0,4.0,236.351135018,-119.780214231,2791.15,-211.960814277,-159.002427518,2.0,1.0,0.0,0.0,351.0
26.0,21102351.0,4.0,236.389483545,-120.218539898,2793.75,-211.92246575,-159.440753185,2.0,1.0,1.0,0.0,351.0
26.0,21112351.0,4.0,236.312786491,-119.341888564,2794.85,-211.999162804,-158.564101851,2.0,1.0,1.0,1.0,351.0
26.0,22012337.0,4.0,214.111818008,-134.416342369,2802.25,-234.200131287,-95.1941290823,2.0,2.0,0.0,1.0,337.0
26.0,22102336.0,4.0,214.14493719,-134.037788384,2803.75,-234.167012105,-94.815575097,2.0,2.0,1.0,0.0,336.0
26.0,22112337.0,4.0,214.073469481,-134.854668036,2804.85,-234.238479814,-95.6324547495,2.0,2.0,1.0,1.0,337.0
26.0,23002344.0,4.0,225.012214055,-128.023773075,2811.15,-225.012214055,-128.023773075,2.0,3.0,0.0,0.0,344.0
26.0,23012345.0,4.0,225.012214055,-128.843773075,2812.25,-225.012214055,-128.843773075,2.0,3.0,0.0,1.0,345.0
26.0,23102344.0,4.0,225.012214055,-128.463773075,2813.75,-225.012214055,-128.463773075,2.0,3.0,1.0,0.0,344.0
26.0,30002380.0,4.0,249.9992,-146.0,3321.15,-249.9992,-146.0,3.0,0.0,0.0,0.0,380.0
26.0,30102380.0,4.0,249.9992,-146.44,3323.75,-249.9992,-146.44,3.0,0.0,1.0,0.0,380.0
26.0,31002387.0,4.0,262.809769347,-135.510276866,3331.15,-235.285985787,-179.088008791,3.0,1.0,0.0,0.0,387.0
26.0,31102387.0,4.0,262.848117874,-135.948602534,3333.75,-235.247637261,-179.526334458,3.0,1.0,1.0,0.0,387.0
26.0,32002373.0,4.0,237.360292465,-155.378574976,3341.15,-260.73546267,-111.800843052,3.0,2.0,0.0,0.0,373.0
26.0,32012374.0,4.0,237.288824756,-156.195454629,3342.25,-260.806930379,-112.617722704,3.0,2.0,0.0,1.0,374.0
26.0,32102373.0,4.0,237.321943938,-155.816900644,3343.75,-260.773811196,-112.239168719,3.0,2.0,1.0,0.0,373.0
26.0,33002381.0,4.0,249.9992,-147.7,3351.15,-249.9992,-147.7,3.0,3.0,0.0,0.0,381.0
26.0,33112381.0,4.0,249.9992,-147.26,3354.85,-249.9992,-147.26,3.0,3.0,1.0,1.0,381.0
26.0,40002385.0,4.0,249.9992,-154.5,3521.15,-249.9992,-154.5,4.0,0.0,0.0,0.0,385.0
26.0,40102385.0,4.0,249.9992,-154.94,3523.75,-249.9992,-154.94,4.0,0.0,1.0,0.0,385.0
26.0,41002392.0,4.0,263.55059316,-143.9779318,3531.15,-234.545161974,-187.555663725,4.0,1.0,0.0,0.0,392.0
26.0,41112392.0,4.0,263.512244634,-143.539606133,3534.85,-234.583510501,-187.117338058,4.0,1.0,1.0,1.0,392.0
26.0,42012379.0,4.0,236.548000942,-164.663109563,3542.25,-261.547754192,-121.085377638,4.0,2.0,0.0,1.0,379.0
26.0,42102378.0,4.0,236.581120125,-164.284555577,3543.75,-261.51463501,-120.706823653,4.0,2.0,1.0,0.0,378.0
26.0,42112379.0,4.0,236.509652415,-165.10143523,3544.85,-261.586102719,-121.523703305,4.0,2.0,1.0,1.0,379.0
26.0,43002386.0,4.0,249.9992,-156.2,3551.15,-249.9992,-156.2,4.0,3.0,0.0,0.0,386.0
26.0,43112386.0,4.0,249.9992,-155.76,3554.85,-249.9992,-155.76,4.0,3.0,1.0,1.0,386.0
26.0,10002334.0,3.0,225.012214055,-111.023773075,2581.15,-225.012214055,-111.023773075,1.0,0.0,0.0,0.0,334.0
26.0,10102334.0,3.0,225.012214055,-111.463773075,2583.75,-225.012214055,-111.463773075,1.0,0.0,1.0,0.0,334.0
26.0,10112334.0,3.0,225.012214055,-110.583773075,2584.85,-225.012214055,-110.583773075,1.0,0.0,1.0,1.0,334.0
26.0,11012343.0,3.0,235.089119863,-105.355315003,2592.25,-213.222829432,-144.577528289,1.0,1.0,0.0,1.0,343.0
26.0,11102342.0,3.0,235.056000681,-104.976761018,2593.75,-213.255948614,-144.198974304,1.0,1.0,1.0,0.0,342.0
26.0,11112343.0,3.0,235.12746839,-105.79364067,2594.85,-213.184480905,-145.015853957,1.0,1.0,1.0,1.0,343.0
26.0,12002325.0,3.0,215.813098107,-114.970621862,2601.15,-232.498851189,-75.7484085756,1.0,2.0,0.0,0.0,325.0
26.0,12102325.0,3.0,215.77474958,-115.408947529,2603.75,-232.537199715,-76.1867342427,1.0,2.0,1.0,0.0,325.0
26.0,12112325.0,3.0,215.851446633,-114.532296195,2604.85,-232.460502662,-75.3100829084,1.0,2.0,1.0,1.0,325.0
26.0,13002334.0,3.0,225.012214055,-111.023773075,2611.15,-225.012214055,-111.023773075,1.0,3.0,0.0,0.0,334.0
26.0,13102334.0,3.0,225.012214055,-111.463773075,2613.75,-225.012214055,-111.463773075,1.0,3.0,1.0,0.0,334.0
26.0,20002334.0,3.0,225.012214055,-111.023773075,2781.15,-225.012214055,-111.023773075,2.0,0.0,0.0,0.0,334.0
26.0,20102334.0,3.0,225.012214055,-111.463773075,2783.75,-225.012214055,-111.463773075,2.0,0.0,1.0,0.0,334.0
26.0,21002343.0,3.0,235.165816917,-106.231966337,2791.15,-213.146132379,-145.454179624,2.0,1.0,0.0,0.0,343.0
26.0,21112343.0,3.0,235.12746839,-105.79364067,2794.85,-213.184480905,-145.015853957,2.0,1.0,1.0,1.0,343.0
26.0,22012325.0,3.0,215.88979516,-114.093970528,2802.25,-232.422154135,-74.8717572412,2.0,2.0,0.0,1.0,325.0
26.0,22112325.0,3.0,215.851446633,-114.532296195,2804.85,-232.460502662,-75.3100829084,2.0,2.0,1.0,1.0,325.0
26.0,23002334.0,3.0,225.012214055,-111.023773075,2811.15,-225.012214055,-111.023773075,2.0,3.0,0.0,0.0,334.0
26.0,23102334.0,3.0,225.012214055,-111.463773075,2813.75,-225.012214055,-111.463773075,2.0,3.0,1.0,0.0,334.0
26.0,23112334.0,3.0,225.012214055,-110.583773075,2814.85,-225.012214055,-110.583773075,2.0,3.0,1.0,1.0,334.0
26.0,30012358.0,3.0,249.9992,-107.72,3322.25,-249.9992,-107.72,3.0,0.0,0.0,1.0,358.0
26.0,30112358.0,3.0,249.9992,-108.16,3324.85,-249.9992,-108.16,3.0,0.0,1.0,1.0,358.0
26.0,31012368.0,3.0,259.917941803,-102.456536784,3332.25,-238.177813332,-146.034268708,3.0,1.0,0.0,1.0,368.0
26.0,31112368.0,3.0,259.956290329,-102.894862451,3334.85,-238.139464805,-146.472594375,3.0,1.0,1.0,1.0,368.0
26.0,32002347.0,3.0,241.212576294,-111.346769321,3341.15,-256.88317884,-67.7690373961,3.0,2.0,0.0,0.0,347.0
26.0,32102347.0,3.0,241.174227767,-111.785094988,3343.75,-256.921527367,-68.2073630633,3.0,2.0,1.0,0.0,347.0
26.0,32112347.0,3.0,241.250924821,-110.908443654,3344.85,-256.844830313,-67.330711729,3.0,2.0,1.0,1.0,347.0
26.0,33012358.0,3.0,249.9992,-107.72,3352.25,-249.9992,-107.72,3.0,3.0,0.0,1.0,358.0
26.0,33102357.0,3.0,249.9992,-107.34,3353.75,-249.9992,-107.34,3.0,3.0,1.0,0.0,357.0
26.0,40002356.0,3.0,249.9992,-105.2,3521.15,-249.9992,-105.2,4.0,0.0,0.0,0.0,356.0
26.0,40012357.0,3.0,249.9992,-106.02,3522.25,-249.9992,-106.02,4.0,0.0,0.0,1.0,357.0
26.0,40102356.0,3.0,249.9992,-105.64,3523.75,-249.9992,-105.64,4.0,0.0,1.0,0.0,356.0
26.0,41012367.0,3.0,259.76977704,-100.763005797,3532.25,-238.325978094,-144.340737722,4.0,1.0,0.0,1.0,367.0
26.0,41112367.0,3.0,259.808125567,-101.201331464,3534.85,-238.287629568,-144.779063389,4.0,1.0,1.0,1.0,367.0
26.0,42002345.0,3.0,241.50890582,-107.959707347,3541.15,-256.586849315,-64.3819754226,4.0,2.0,0.0,0.0,345.0
26.0,42012346.0,3.0,241.43743811,-108.776587,3542.25,-256.658317024,-65.1988550751,4.0,2.0,0.0,1.0,346.0
26.0,42102345.0,3.0,241.470557293,-108.398033014,3543.75,-256.625197842,-64.8203010898,4.0,2.0,1.0,0.0,345.0
26.0,43002356.0,3.0,249.9992,-105.2,3551.15,-249.9992,-105.2,4.0,3.0,0.0,0.0,356.0
26.0,43102356.0,3.0,249.9992,-105.64,3553.75,-249.9992,-105.64,4.0,3.0,1.0,0.0,356.0
26.0,43112356.0,3.0,249.9992,-104.76,3554.85,-249.9992,-104.76,4.0,3.0,1.0,1.0,356.0
40.0,10002227.0,4.0,225.012214055,70.8762269248,2581.15,-225.012214055,70.8762269248,1.0,0.0,0.0,0.0,227.0
40.0,10112227.0,4.0,225.012214055,71.3162269248,2584.85,-225.012214055,71.3162269248,1.0,0.0,1.0,1.0,227.0
40.0,11012236.0,4.0,219.235490257,75.85250058,2592.25,-229.076459038,36.6302872935,1.0,1.0,0.0,1.0,236.0
40.0,11102235.0,4.0,219.202371075,76.2310545653,2593.75,-229.10957822,37.0088412788,1.0,1.0,1.0,0.0,235.0
40.0,12012219.0,4.0,231.595260003,65.4203140683,2602.25,-216.716689292,104.642527355,1.0,2.0,0.0,1.0,219.0
40.0,12102218.0,4.0,231.628379186,65.7988680536,2603.75,-216.68357011,105.02108134,1.0,2.0,1.0,0.0,218.0
40.0,13012227.0,4.0,225.012214055,71.7562269248,2612.25,-225.012214055,71.7562269248,1.0,3.0,0.0,1.0,227.0
40.0,13112227.0,4.0,225.012214055,71.3162269248,2614.85,-225.012214055,71.3162269248,1.0,3.0,1.0,1.0,227.0
40.0,20012226.0,4.0,225.012214055,73.4562269248,2782.25,-225.012214055,73.4562269248,2.0,0.0,0.0,1.0,226.0
40.0,20102225.0,4.0,225.012214055,73.8362269248,2783.75,-225.012214055,73.8362269248,2.0,0.0,1.0,0.0,225.0
40.0,21002234.0,4.0,219.015857786,78.3629112192,2791.15,-229.29609151,39.1406979327,2.0,1.0,0.0,0.0,234.0
40.0,21102234.0,4.0,219.054206312,77.9245855521,2793.75,-229.257742983,38.7023722655,2.0,1.0,1.0,0.0,234.0
40.0,22002217.0,4.0,231.814892475,67.9307247075,2801.15,-216.49705682,107.152937994,2.0,2.0,0.0,0.0,217.0
40.0,22012217.0,4.0,231.891589529,68.8073760418,2802.25,-216.420359767,108.029589328,2.0,2.0,0.0,1.0,217.0
40.0,22112217.0,4.0,231.853241002,68.3690503747,2804.85,-216.458708293,107.591263661,2.0,2.0,1.0,1.0,217.0
40.0,23002225.0,4.0,225.012214055,74.2762269248,2811.15,-225.012214055,74.2762269248,2.0,3.0,0.0,0.0,225.0
40.0,23102225.0,4.0,225.012214055,73.8362269248,2813.75,-225.012214055,73.8362269248,2.0,3.0,1.0,0.0,225.0
40.0,30002248.0,4.0,249.9992,78.4,3321.15,-249.9992,78.4,3.0,0.0,0.0,0.0,248.0
40.0,30102248.0,4.0,249.9992,77.96,3323.75,-249.9992,77.96,3.0,0.0,1.0,0.0,248.0
40.0,30112248.0,4.0,249.9992,78.84,3324.85,-249.9992,78.84,3.0,0.0,1.0,1.0,248.0
40.0,31012258.0,4.0,243.619817909,83.8318717595,3332.25,-254.475937226,40.2541398348,3.0,1.0,0.0,1.0,258.0
40.0,31102257.0,4.0,243.586698727,84.2104257447,3333.75,-254.509056408,40.6326938201,3.0,1.0,1.0,0.0,257.0
40.0,32002239.0,4.0,257.214370663,71.5545772489,3341.15,-240.881384472,115.132309174,3.0,2.0,0.0,0.0,239.0
40.0,32112239.0,4.0,257.252719189,71.992902916,3344.85,-240.843035945,115.570634841,3.0,2.0,1.0,1.0,239.0
40.0,33002248.0,4.0,249.9992,78.4,3351.15,-249.9992,78.4,3.0,3.0,0.0,0.0,248.0
40.0,33112248.0,4.0,249.9992,78.84,3354.85,-249.9992,78.84,3.0,3.0,1.0,1.0,248.0
40.0,40012248.0,4.0,249.9992,79.28,3522.25,-249.9992,79.28,4.0,0.0,0.0,1.0,248.0
40.0,40102247.0,4.0,249.9992,79.66,3523.75,-249.9992,79.66,4.0,0.0,1.0,0.0,247.0
40.0,40112248.0,4.0,249.9992,78.84,3524.85,-249.9992,78.84,4.0,0.0,1.0,1.0,248.0
40.0,41002257.0,4.0,243.5483502,84.6487514119,3531.15,-254.547404935,41.0710194873,4.0,1.0,0.0,0.0,257.0
40.0,41102257.0,4.0,243.586698727,84.2104257447,3533.75,-254.509056408,40.6326938201,4.0,1.0,1.0,0.0,257.0
40.0,42002238.0,4.0,257.362535425,73.2481082356,3541.15,-240.733219709,116.82584016,4.0,2.0,0.0,0.0,238.0
40.0,42102238.0,4.0,257.324186898,72.8097825685,3543.75,-240.771568236,116.387514493,4.0,2.0,1.0,0.0,238.0
40.0,43012248.0,4.0,249.9992,79.28,3552.25,-249.9992,79.28,4.0,3.0,0.0,1.0,248.0
40.0,43102247.0,4.0,249.9992,79.66,3553.75,-249.9992,79.66,4.0,3.0,1.0,0.0,247.0
40.0,10002379.0,3.0,225.012214055,-187.523773075,2581.15,-225.012214055,-187.523773075,1.0,0.0,0.0,0.0,379.0
40.0,10102379.0,3.0,225.012214055,-187.963773075,2583.75,-225.012214055,-187.963773075,1.0,0.0,1.0,0.0,379.0
40.0,11002379.0,3.0,240.499748373,-167.19908186,2591.15,-207.812200922,-206.421295147,1.0,1.0,0.0,0.0,379.0
40.0,11102379.0,3.0,240.5380969,-167.637407528,2593.75,-207.773852396,-206.859620814,1.0,1.0,1.0,0.0,379.0
40.0,12002379.0,3.0,207.812200922,-206.421295147,2601.15,-240.499748373,-167.19908186,1.0,2.0,0.0,0.0,379.0
40.0,12112379.0,3.0,207.850549449,-205.98296948,2604.85,-240.461399846,-166.760756193,1.0,2.0,1.0,1.0,379.0
40.0,13002380.0,3.0,225.012214055,-189.223773075,2611.15,-225.012214055,-189.223773075,1.0,3.0,0.0,0.0,380.0
40.0,13112380.0,3.0,225.012214055,-188.783773075,2614.85,-225.012214055,-188.783773075,1.0,3.0,1.0,1.0,380.0
40.0,20002384.0,3.0,225.012214055,-196.023773075,2781.15,-225.012214055,-196.023773075,2.0,0.0,0.0,0.0,384.0
40.0,20102384.0,3.0,225.012214055,-196.463773075,2783.75,-225.012214055,-196.463773075,2.0,0.0,1.0,0.0,384.0
40.0,21002384.0,3.0,241.240572186,-175.666736794,2791.15,-207.071377109,-214.888950081,2.0,1.0,0.0,0.0,384.0
40.0,21112384.0,3.0,241.202223659,-175.228411127,2794.85,-207.109725636,-214.450624414,2.0,1.0,1.0,1.0,384.0
40.0,22002384.0,3.0,207.071377109,-214.888950081,2801.15,-241.240572186,-175.666736794,2.0,2.0,0.0,0.0,384.0
40.0,22102384.0,3.0,207.033028582,-215.327275748,2803.75,-241.278920713,-176.105062461,2.0,2.0,1.0,0.0,384.0
40.0,22112384.0,3.0,207.109725636,-214.450624414,2804.85,-241.202223659,-175.228411127,2.0,2.0,1.0,1.0,384.0
40.0,23012385.0,3.0,225.012214055,-196.843773075,2812.25,-225.012214055,-196.843773075,2.0,3.0,0.0,1.0,385.0
40.0,23112385.0,3.0,225.012214055,-197.283773075,2814.85,-225.012214055,-197.283773075,2.0,3.0,1.0,1.0,385.0
40.0,30012418.0,3.0,249.9992,-209.72,3322.25,-249.9992,-209.72,3.0,0.0,0.0,1.0,418.0
40.0,30102417.0,3.0,249.9992,-209.34,3323.75,-249.9992,-209.34,3.0,0.0,1.0,0.0,417.0
40.0,31012417.0,3.0,267.178015174,-185.439555135,3332.25,-230.917739961,-229.017287059,3.0,1.0,0.0,1.0,417.0
40.0,31102416.0,3.0,267.144895991,-185.061001149,3333.75,-230.950859143,-228.638733074,3.0,1.0,1.0,0.0,416.0
40.0,31112417.0,3.0,267.2163637,-185.877880802,3334.85,-230.879391434,-229.455612727,3.0,1.0,1.0,1.0,417.0
40.0,32012418.0,3.0,230.769575198,-230.710818046,3342.25,-267.326179936,-187.133086121,3.0,2.0,0.0,1.0,418.0
40.0,32102417.0,3.0,230.80269438,-230.332264061,3343.75,-267.293060754,-186.754532136,3.0,2.0,1.0,0.0,417.0
40.0,33012418.0,3.0,249.9992,-209.72,3352.25,-249.9992,-209.72,3.0,3.0,0.0,1.0,418.0
40.0,33102417.0,3.0,249.9992,-209.34,3353.75,-249.9992,-209.34,3.0,3.0,1.0,0.0,417.0
40.0,33112418.0,3.0,249.9992,-210.16,3354.85,-249.9992,-210.16,3.0,3.0,1.0,1.0,418.0
40.0,40002418.0,3.0,249.9992,-210.6,3521.15,-249.9992,-210.6,4.0,0.0,0.0,0.0,418.0
40.0,40102418.0,3.0,249.9992,-211.04,3523.75,-249.9992,-211.04,4.0,0.0,1.0,0.0,418.0
40.0,41002417.0,3.0,267.254712227,-186.316206469,3531.15,-230.841042907,-229.893938394,4.0,1.0,0.0,0.0,417.0
40.0,41102417.0,3.0,267.293060754,-186.754532136,3533.75,-230.80269438,-230.332264061,4.0,1.0,1.0,0.0,417.0
40.0,42002418.0,3.0,230.692878145,-231.58746938,3541.15,-267.40287699,-188.009737456,4.0,2.0,0.0,0.0,418.0
40.0,42012419.0,3.0,230.621410435,-232.404349033,3542.25,-267.474344699,-188.826617108,4.0,2.0,0.0,1.0,419.0
40.0,42102418.0,3.0,230.654529618,-232.025795048,3543.75,-267.441225517,-188.448063123,4.0,2.0,1.0,0.0,418.0
40.0,43002418.0,3.0,249.9992,-210.6,3551.15,-249.9992,-210.6,4.0,3.0,0.0,0.0,418.0
40.0,43102418.0,3.0,249.9992,-211.04,3553.75,-249.9992,-211.04,4.0,3.0,1.0,0.0,418.0
40.0,42002418.0,-2.0,230.692878145,-231.58746938,3541.15,-267.40287699,-188.009737456,4.0,2.0,0.0,0.0,418.0
40.0,42102417.0,-2.0,230.80269438,-230.332264061,3543.75,-267.293060754,-186.754532136,4.0,2.0,1.0,0.0,417.0
40.0,43012417.0,-2.0,249.9992,-208.02,3552.25,-249.9992,-208.02,4.0,3.0,0.0,1.0,417.0
40.0,43102416.0,-2.0,249.9992,-207.64,3553.75,-249.9992,-207.64,4.0,3.0,1.0,0.0,416.0
40.0,43102460.0,-2.0,249.9992,-282.44,3553.75,-249.9992,-282.44,4.0,3.0,1.0,0.0,460.0
40.0,42112459.0,-2.0,224.656471402,-300.58391417,3544.85,-273.439283733,-257.006182246,4.0,2.0,1.0,1.0,459.0
40.0,42102458.0,-2.0,224.727939111,-299.767034518,3543.75,-273.367816023,-256.189302593,4.0,2.0,1.0,0.0,458.0
40.0,42012458.0,-2.0,224.842984691,-298.452057516,3542.25,-273.252770443,-254.874325592,4.0,2.0,0.0,1.0,458.0
40.0,42002457.0,-2.0,224.9144524,-297.635177864,3541.15,-273.181302734,-254.057445939,4.0,2.0,0.0,0.0,457.0
40.0,41112449.0,-2.0,271.957636106,-240.070872378,3534.85,-226.138119029,-283.648604303,4.0,1.0,1.0,1.0,449.0
40.0,41112448.0,-2.0,271.809471343,-238.377341391,3534.85,-226.286283791,-281.955073316,4.0,1.0,1.0,1.0,448.0
40.0,41102447.0,-2.0,271.738003634,-237.560461739,3533.75,-226.3577515,-281.138193664,4.0,1.0,1.0,0.0,447.0
40.0,41102446.0,-2.0,271.589838871,-235.866930752,3533.75,-226.505916263,-279.444662677,4.0,1.0,1.0,0.0,446.0
40.0,41012445.0,-2.0,271.326628528,-232.858422764,3532.25,-226.769126606,-276.436154689,4.0,1.0,0.0,1.0,445.0
40.0,41002443.0,-2.0,271.106996057,-230.348012125,3531.15,-226.988759078,-273.925744049,4.0,1.0,0.0,0.0,443.0
40.0,41002442.0,-2.0,270.958831294,-228.654481138,3531.15,-227.13692384,-272.232213063,4.0,1.0,0.0,0.0,442.0
40.0,41002441.0,-2.0,270.810666531,-226.960950151,3531.15,-227.285088603,-270.538682076,4.0,1.0,0.0,0.0,441.0
40.0,41002440.0,-2.0,270.662501769,-225.267419164,3531.15,-227.433253366,-268.845151089,4.0,1.0,0.0,0.0,440.0
40.0,41002439.0,-2.0,270.514337006,-223.573888178,3531.15,-227.581418128,-267.151620102,4.0,1.0,0.0,0.0,439.0
40.0,41002438.0,-2.0,270.366172243,-221.880357191,3531.15,-227.729582891,-265.458089116,4.0,1.0,0.0,0.0,438.0
40.0,41012437.0,-2.0,270.141310427,-219.31017487,3532.25,-227.954444707,-262.887906794,4.0,1.0,0.0,1.0,437.0
40.0,41102435.0,-2.0,269.960026482,-217.238089898,3533.75,-228.135728652,-260.815821822,4.0,1.0,1.0,0.0,435.0
40.0,41112435.0,-2.0,269.883329428,-216.361438563,3534.85,-228.212425706,-259.939170488,4.0,1.0,1.0,1.0,435.0
40.0,42002435.0,-2.0,228.174077179,-260.377496155,3541.15,-269.921677955,-216.799764231,4.0,2.0,0.0,0.0,435.0
40.0,42102434.0,-2.0,228.283893415,-259.122290836,3543.75,-269.811861719,-215.544558911,4.0,2.0,1.0,0.0,434.0
40.0,43002431.0,-2.0,249.9992,-232.7,3551.15,-249.9992,-232.7,4.0,3.0,0.0,0.0,431.0
40.0,43102431.0,-2.0,249.9992,-233.14,3553.75,-249.9992,-233.14,4.0,3.0,1.0,0.0,431.0
40.0,43112454.0,-2.0,249.9992,-271.36,3554.85,-249.9992,-271.36,4.0,3.0,1.0,1.0,454.0
40.0,43002454.0,-2.0,249.9992,-271.8,3551.15,-249.9992,-271.8,4.0,3.0,0.0,0.0,454.0
40.0,42112454.0,-2.0,225.397295215,-292.116259236,3544.85,-272.698459919,-248.538527312,4.0,2.0,1.0,1.0,454.0
40.0,42102453.0,-2.0,225.468762924,-291.299379584,3543.75,-272.62699221,-247.721647659,4.0,2.0,1.0,0.0,453.0
40.0,41112450.0,-2.0,272.105800868,-241.764403365,3534.85,-225.989954266,-285.342135289,4.0,1.0,1.0,1.0,450.0
40.0,41102449.0,-2.0,272.034333159,-240.947523712,3533.75,-226.061421975,-284.525255637,4.0,1.0,1.0,0.0,449.0
40.0,41012448.0,-2.0,271.771122816,-237.939015724,3532.25,-226.324632318,-281.516747649,4.0,1.0,0.0,1.0,448.0
40.0,41002447.0,-2.0,271.699655107,-237.122136072,3531.15,-226.396100027,-280.699867996,4.0,1.0,0.0,0.0,447.0
40.0,41002438.0,-2.0,270.366172243,-221.880357191,3531.15,-227.729582891,-265.458089116,4.0,1.0,0.0,0.0,438.0
40.0,41012438.0,-2.0,270.28947519,-221.003705857,3532.25,-227.806279945,-264.581437781,4.0,1.0,0.0,1.0,438.0
40.0,41102437.0,-2.0,270.256356007,-220.625151871,3533.75,-227.839399127,-264.202883796,4.0,1.0,1.0,0.0,437.0
40.0,41112437.0,-2.0,270.179658954,-219.748500537,3534.85,-227.916096181,-263.326232462,4.0,1.0,1.0,1.0,437.0
40.0,42002431.0,-2.0,228.76673623,-253.603372208,3541.15,-269.329018905,-210.025640284,4.0,2.0,0.0,0.0,431.0
40.0,42102431.0,-2.0,228.728387703,-254.041697875,3543.75,-269.367367431,-210.463965951,4.0,2.0,1.0,0.0,431.0
40.0,43002434.0,-2.0,249.9992,-237.8,3551.15,-249.9992,-237.8,4.0,3.0,0.0,0.0,434.0
40.0,43012435.0,-2.0,249.9992,-238.62,3552.25,-249.9992,-238.62,4.0,3.0,0.0,1.0,435.0
40.0,43102435.0,-2.0,249.9992,-239.94,3553.75,-249.9992,-239.94,4.0,3.0,1.0,0.0,435.0
40.0,43112436.0,-2.0,249.9992,-240.76,3554.85,-249.9992,-240.76,4.0,3.0,1.0,1.0,436.0
40.0,43102449.0,-2.0,249.9992,-263.74,3553.75,-249.9992,-263.74,4.0,3.0,1.0,0.0,449.0
41.0,10002252.0,4.0,225.012214055,28.3762269248,2581.15,-225.012214055,28.3762269248,1.0,0.0,0.0,0.0,252.0
41.0,10102252.0,4.0,225.012214055,27.9362269248,2583.75,-225.012214055,27.9362269248,1.0,0.0,1.0,0.0,252.0
41.0,11002242.0,4.0,220.201175887,64.8146633252,2591.15,-228.110773408,25.5924500386,1.0,1.0,0.0,0.0,242.0
41.0,11102242.0,4.0,220.239524414,64.376337658,2593.75,-228.072424882,25.1541243715,1.0,1.0,1.0,0.0,242.0
41.0,12012263.0,4.0,225.076010446,-9.09504934893,2602.25,-223.235938849,30.1271639376,1.0,2.0,0.0,1.0,263.0
41.0,12112263.0,4.0,225.037661919,-9.53337501609,2604.85,-223.274287376,29.6888382705,1.0,2.0,1.0,1.0,263.0
41.0,13012253.0,4.0,225.012214055,27.5562269248,2612.25,-225.012214055,27.5562269248,1.0,3.0,0.0,1.0,253.0
41.0,13102252.0,4.0,225.012214055,27.9362269248,2613.75,-225.012214055,27.9362269248,1.0,3.0,1.0,0.0,252.0
41.0,13112253.0,4.0,225.012214055,27.1162269248,2614.85,-225.012214055,27.1162269248,1.0,3.0,1.0,1.0,253.0
41.0,20012255.0,4.0,225.012214055,24.1562269248,2782.25,-225.012214055,24.1562269248,2.0,0.0,0.0,1.0,255.0
41.0,20102254.0,4.0,225.012214055,24.5362269248,2783.75,-225.012214055,24.5362269248,2.0,0.0,1.0,0.0,254.0
41.0,20112255.0,4.0,225.012214055,23.7162269248,2784.85,-225.012214055,23.7162269248,2.0,0.0,1.0,1.0,255.0
41.0,21002244.0,4.0,220.497505412,61.4276013517,2791.15,-227.814443883,22.2053880651,2.0,1.0,0.0,0.0,244.0
41.0,21102244.0,4.0,220.535853939,60.9892756845,2793.75,-227.776095356,21.767062398,2.0,1.0,1.0,0.0,244.0
41.0,22012266.0,4.0,224.631516158,-14.1756423092,2802.25,-223.680433137,25.0465709774,2.0,2.0,0.0,1.0,266.0
41.0,22102265.0,4.0,224.66463534,-13.7970883239,2803.75,-223.647313955,25.4251249626,2.0,2.0,1.0,0.0,265.0
41.0,22112266.0,4.0,224.593167631,-14.6139679764,2804.85,-223.718781664,24.6082453102,2.0,2.0,1.0,1.0,266.0
41.0,23002255.0,4.0,225.012214055,23.2762269248,2811.15,-225.012214055,23.2762269248,2.0,3.0,0.0,0.0,255.0
41.0,23112255.0,4.0,225.012214055,23.7162269248,2814.85,-225.012214055,23.7162269248,2.0,3.0,1.0,1.0,255.0
41.0,30012289.0,4.0,249.9992,9.58,3322.25,-249.9992,9.58,3.0,0.0,0.0,1.0,289.0
41.0,30102288.0,4.0,249.9992,9.96,3323.75,-249.9992,9.96,3.0,0.0,1.0,0.0,288.0
41.0,30112289.0,4.0,249.9992,9.14,3324.85,-249.9992,9.14,3.0,0.0,1.0,1.0,289.0
41.0,31002277.0,4.0,246.511645453,50.7781316768,3331.15,-251.584109681,7.20039975215,3.0,1.0,0.0,0.0,277.0
41.0,31102277.0,4.0,246.54999398,50.3398060096,3333.75,-251.545761154,6.76207408499,3.0,1.0,1.0,0.0,277.0
41.0,32012301.0,4.0,248.104852431,-32.5676925957,3342.25,-249.990902704,11.010039329,3.0,2.0,0.0,1.0,301.0
41.0,32102300.0,4.0,248.137971613,-32.1891386104,3343.75,-249.957783521,11.3885933142,3.0,2.0,1.0,0.0,300.0
41.0,33002289.0,4.0,249.9992,8.7,3351.15,-249.9992,8.7,3.0,3.0,0.0,0.0,289.0
41.0,33102289.0,4.0,249.9992,8.26,3353.75,-249.9992,8.26,3.0,3.0,1.0,0.0,289.0
41.0,40012293.0,4.0,249.9992,2.78,3522.25,-249.9992,2.78,4.0,0.0,0.0,1.0,293.0
41.0,40102292.0,4.0,249.9992,3.16,3523.75,-249.9992,3.16,4.0,0.0,1.0,0.0,292.0
41.0,41012281.0,4.0,247.02760745,44.8806590641,3532.25,-251.068147684,1.30292713945,4.0,1.0,0.0,1.0,281.0
41.0,41112281.0,4.0,247.065955977,44.4423333969,3534.85,-251.029799157,0.864601472286,4.0,1.0,1.0,1.0,281.0
41.0,42012305.0,4.0,247.51219338,-39.3418165427,3542.25,-250.583561754,4.23591538194,4.0,2.0,0.0,1.0,305.0
41.0,42112305.0,4.0,247.473844853,-39.7801422099,3544.85,-250.621910281,3.79758971478,4.0,2.0,1.0,1.0,305.0
41.0,43002293.0,4.0,249.9992,1.9,3551.15,-249.9992,1.9,4.0,3.0,0.0,0.0,293.0
41.0,43102293.0,4.0,249.9992,1.46,3553.75,-249.9992,1.46,4.0,3.0,1.0,0.0,293.0
41.0,43112293.0,4.0,249.9992,2.34,3554.85,-249.9992,2.34,4.0,3.0,1.0,1.0,293.0
41.0,10002223.0,3.0,225.012214055,77.6762269248,2581.15,-225.012214055,77.6762269248,1.0,0.0,0.0,0.0,223.0
41.0,10112223.0,3.0,225.012214055,78.1162269248,2584.85,-225.012214055,78.1162269248,1.0,0.0,1.0,1.0,223.0
41.0,11002214.0,3.0,216.052562532,112.233530954,2591.15,-232.259386763,73.0113176678,1.0,1.0,0.0,0.0,214.0
41.0,11102214.0,3.0,216.090911059,111.795205287,2593.75,-232.221038236,72.5729920006,1.0,1.0,1.0,0.0,214.0
41.0,11112214.0,3.0,216.014214005,112.671856622,2594.85,-232.29773529,73.449643335,1.0,1.0,1.0,1.0,214.0
41.0,12012232.0,3.0,229.669118089,43.4044112405,2602.25,-218.642831207,82.6266245271,1.0,2.0,0.0,1.0,232.0
41.0,12102231.0,3.0,229.702237271,43.7829652258,2603.75,-218.609712024,83.0051785123,1.0,2.0,1.0,0.0,231.0
41.0,13002222.0,3.0,225.012214055,79.3762269248,2611.15,-225.012214055,79.3762269248,1.0,3.0,0.0,0.0,222.0
41.0,13012223.0,3.0,225.012214055,78.5562269248,2612.25,-225.012214055,78.5562269248,1.0,3.0,0.0,1.0,223.0
41.0,13102222.0,3.0,225.012214055,78.9362269248,2613.75,-225.012214055,78.9362269248,1.0,3.0,1.0,0.0,222.0
41.0,20012219.0,3.0,225.012214055,85.3562269248,2782.25,-225.012214055,85.3562269248,2.0,0.0,0.0,1.0,219.0
41.0,20112219.0,3.0,225.012214055,84.9162269248,2784.85,-225.012214055,84.9162269248,2.0,0.0,1.0,1.0,219.0
41.0,21002210.0,3.0,215.459903481,119.007654901,2791.15,-232.852045814,79.7854416148,2.0,1.0,0.0,0.0,210.0
41.0,21112210.0,3.0,215.421554955,119.445980569,2794.85,-232.890394341,80.223767282,2.0,1.0,1.0,1.0,210.0
41.0,22002227.0,3.0,230.333244848,50.99541484,2801.15,-217.978704447,90.2176281265,2.0,2.0,0.0,0.0,227.0
41.0,22102227.0,3.0,230.294896322,50.5570891728,2803.75,-218.017052974,89.7793024594,2.0,2.0,1.0,0.0,227.0
41.0,23002218.0,3.0,225.012214055,86.1762269248,2811.15,-225.012214055,86.1762269248,2.0,3.0,0.0,0.0,218.0
41.0,23102218.0,3.0,225.012214055,85.7362269248,2813.75,-225.012214055,85.7362269248,2.0,3.0,1.0,0.0,218.0
41.0,23112218.0,3.0,225.012214055,86.6162269248,2814.85,-225.012214055,86.6162269248,2.0,3.0,1.0,1.0,218.0
41.0,30012231.0,3.0,249.9992,108.18,3322.25,-249.9992,108.18,3.0,0.0,0.0,1.0,231.0
41.0,30112231.0,3.0,249.9992,107.74,3324.85,-249.9992,107.74,3.0,0.0,1.0,1.0,231.0
41.0,31002222.0,3.0,238.362583506,143.922335948,3331.15,-259.733171628,100.344604024,3.0,1.0,0.0,0.0,222.0
41.0,31012222.0,3.0,238.285886453,144.798987283,3332.25,-259.809868682,101.221255358,3.0,1.0,0.0,1.0,222.0
41.0,31112222.0,3.0,238.32423498,144.360661616,3334.85,-259.771520155,100.782929691,3.0,1.0,1.0,1.0,222.0
41.0,32002239.0,3.0,257.214370663,71.5545772489,3341.15,-240.881384472,115.132309174,3.0,2.0,0.0,0.0,239.0
41.0,32102239.0,3.0,257.176022136,71.1162515817,3343.75,-240.919732999,114.693983506,3.0,2.0,1.0,0.0,239.0
41.0,32112239.0,3.0,257.252719189,71.992902916,3344.85,-240.843035945,115.570634841,3.0,2.0,1.0,1.0,239.0
41.0,33002230.0,3.0,249.9992,109.0,3351.15,-249.9992,109.0,3.0,3.0,0.0,0.0,230.0
41.0,33012230.0,3.0,249.9992,109.88,3352.25,-249.9992,109.88,3.0,3.0,0.0,1.0,230.0
41.0,33112230.0,3.0,249.9992,109.44,3354.85,-249.9992,109.44,3.0,3.0,1.0,1.0,230.0
41.0,40012225.0,3.0,249.9992,118.38,3522.25,-249.9992,118.38,4.0,0.0,0.0,1.0,225.0
41.0,40112225.0,3.0,249.9992,117.94,3524.85,-249.9992,117.94,4.0,0.0,1.0,1.0,225.0
41.0,41002216.0,3.0,237.47359493,154.083521869,3531.15,-260.622160204,110.505789944,4.0,1.0,0.0,0.0,216.0
41.0,41112216.0,3.0,237.435246403,154.521847536,3534.85,-260.660508731,110.944115611,4.0,1.0,1.0,1.0,216.0
41.0,42002233.0,3.0,258.103359239,81.7157631694,3541.15,-239.992395896,125.293495094,4.0,2.0,0.0,0.0,233.0
41.0,42102233.0,3.0,258.065010712,81.2774375023,3543.75,-240.030744423,124.855169427,4.0,2.0,1.0,0.0,233.0
41.0,43002224.0,3.0,249.9992,119.2,3551.15,-249.9992,119.2,4.0,3.0,0.0,0.0,224.0
41.0,43012224.0,3.0,249.9992,120.08,3552.25,-249.9992,120.08,4.0,3.0,0.0,1.0,224.0
41.0,43112224.0,3.0,249.9992,119.64,3554.85,-249.9992,119.64,4.0,3.0,1.0,1.0,224.0
60.0,10002355.0,4.0,225.012214055,-146.723773075,2581.15,-225.012214055,-146.723773075,1.0,0.0,0.0,0.0,355.0
60.0,10102355.0,4.0,225.012214055,-147.163773075,2583.75,-225.012214055,-147.163773075,1.0,0.0,1.0,0.0,355.0
60.0,11012347.0,4.0,235.681778914,-112.12943895,2592.25,-212.630170382,-151.351652236,1.0,1.0,0.0,1.0,347.0
60.0,11102346.0,4.0,235.648659732,-111.750884965,2593.75,-212.663289564,-150.973098251,1.0,1.0,1.0,0.0,346.0
60.0,11112347.0,4.0,235.720127441,-112.567764617,2594.85,-212.591821855,-151.789977904,1.0,1.0,1.0,1.0,347.0
60.0,12002363.0,4.0,210.182837125,-179.324799359,2601.15,-238.12911217,-140.102586072,1.0,2.0,0.0,0.0,363.0
60.0,12102363.0,4.0,210.144488598,-179.763125026,2603.75,-238.167460697,-140.540911739,1.0,2.0,1.0,0.0,363.0
60.0,13002355.0,4.0,225.012214055,-146.723773075,2611.15,-225.012214055,-146.723773075,1.0,3.0,0.0,0.0,355.0
60.0,13012356.0,4.0,225.012214055,-147.543773075,2612.25,-225.012214055,-147.543773075,1.0,3.0,0.0,1.0,356.0
60.0,13102355.0,4.0,225.012214055,-147.163773075,2613.75,-225.012214055,-147.163773075,1.0,3.0,1.0,0.0,355.0
60.0,20002357.0,4.0,225.012214055,-150.123773075,2781.15,-225.012214055,-150.123773075,2.0,0.0,0.0,0.0,357.0
60.0,20112357.0,4.0,225.012214055,-149.683773075,2784.85,-225.012214055,-149.683773075,2.0,0.0,1.0,1.0,357.0
60.0,21002348.0,4.0,235.90664073,-114.699621271,2791.15,-212.405308565,-153.921834558,2.0,1.0,0.0,0.0,348.0
60.0,21102348.0,4.0,235.944989257,-115.137946938,2793.75,-212.366960038,-154.360160225,2.0,1.0,1.0,0.0,348.0
60.0,22012366.0,4.0,209.815039891,-183.528740985,2802.25,-238.496909405,-144.306527698,2.0,2.0,0.0,1.0,366.0
60.0,22102365.0,4.0,209.848159073,-183.150187,2803.75,-238.463790222,-143.927973713,2.0,2.0,1.0,0.0,365.0
60.0,23002357.0,4.0,225.012214055,-150.123773075,2811.15,-225.012214055,-150.123773075,2.0,3.0,0.0,0.0,357.0
60.0,23012358.0,4.0,225.012214055,-150.943773075,2812.25,-225.012214055,-150.943773075,2.0,3.0,0.0,1.0,358.0
60.0,23102357.0,4.0,225.012214055,-150.563773075,2813.75,-225.012214055,-150.563773075,2.0,3.0,1.0,0.0,357.0
60.0,30002389.0,4.0,249.9992,-161.3,3321.15,-249.9992,-161.3,3.0,0.0,0.0,0.0,389.0
60.0,30012390.0,4.0,249.9992,-162.12,3322.25,-249.9992,-162.12,3.0,0.0,0.0,1.0,390.0
60.0,30102389.0,4.0,249.9992,-161.74,3323.75,-249.9992,-161.74,3.0,0.0,1.0,0.0,389.0
60.0,31012380.0,4.0,261.695918955,-122.778908625,3332.25,-236.39983618,-166.356640549,3.0,1.0,0.0,1.0,380.0
60.0,31112380.0,4.0,261.734267482,-123.217234292,3334.85,-236.361487653,-166.794966217,3.0,1.0,1.0,1.0,380.0
60.0,32012399.0,4.0,233.584705689,-198.533729298,3342.25,-264.511049445,-154.955997373,3.0,2.0,0.0,1.0,399.0
60.0,32112399.0,4.0,233.546357162,-198.972054965,3344.85,-264.549397972,-155.39432304,3.0,2.0,1.0,1.0,399.0
60.0,33002390.0,4.0,249.9992,-163.0,3351.15,-249.9992,-163.0,3.0,3.0,0.0,0.0,390.0
60.0,33012390.0,4.0,249.9992,-162.12,3352.25,-249.9992,-162.12,3.0,3.0,0.0,1.0,390.0
60.0,33112390.0,4.0,249.9992,-162.56,3354.85,-249.9992,-162.56,3.0,3.0,1.0,1.0,390.0
60.0,40012393.0,4.0,249.9992,-167.22,3522.25,-249.9992,-167.22,4.0,0.0,0.0,1.0,393.0
60.0,40102392.0,4.0,249.9992,-166.84,3523.75,-249.9992,-166.84,4.0,0.0,1.0,0.0,392.0
60.0,40112393.0,4.0,249.9992,-167.66,3524.85,-249.9992,-167.66,4.0,0.0,1.0,1.0,393.0
60.0,41012383.0,4.0,262.140413243,-127.859501585,3532.25,-235.955341892,-171.43723351,4.0,1.0,0.0,1.0,383.0
60.0,41102382.0,4.0,262.10729406,-127.4809476,3533.75,-235.988461074,-171.058679524,4.0,1.0,1.0,0.0,382.0
60.0,41112383.0,4.0,262.17876177,-128.297827252,3534.85,-235.916993365,-171.875559177,4.0,1.0,1.0,1.0,383.0
60.0,42002402.0,4.0,233.063514347,-204.490973592,3541.15,-265.032240787,-160.913241668,4.0,2.0,0.0,0.0,402.0
60.0,42012403.0,4.0,232.992046638,-205.307853245,3542.25,-265.103708496,-161.73012132,4.0,2.0,0.0,1.0,403.0
60.0,42102402.0,4.0,233.02516582,-204.92929926,3543.75,-265.070589314,-161.351567335,4.0,2.0,1.0,0.0,402.0
60.0,43002393.0,4.0,249.9992,-168.1,3551.15,-249.9992,-168.1,4.0,3.0,0.0,0.0,393.0
60.0,43102393.0,4.0,249.9992,-168.54,3553.75,-249.9992,-168.54,4.0,3.0,1.0,0.0,393.0
60.0,10002358.0,3.0,225.012214055,-151.823773075,2581.15,-225.012214055,-151.823773075,1.0,0.0,0.0,0.0,358.0
60.0,10012358.0,3.0,225.012214055,-150.943773075,2582.25,-225.012214055,-150.943773075,1.0,0.0,0.0,1.0,358.0
60.0,10112358.0,3.0,225.012214055,-151.383773075,2584.85,-225.012214055,-151.383773075,1.0,0.0,1.0,1.0,358.0
60.0,11002359.0,3.0,237.536453119,-133.328462125,2591.15,-210.775496176,-172.550675412,1.0,1.0,0.0,0.0,359.0
60.0,11112359.0,3.0,237.498104593,-132.890136458,2594.85,-210.813844703,-172.112349745,1.0,1.0,1.0,1.0,359.0
60.0,12002356.0,3.0,211.219990464,-167.470082452,2601.15,-237.091958831,-128.247869165,1.0,2.0,0.0,0.0,356.0
60.0,12102356.0,3.0,211.181641937,-167.908408119,2603.75,-237.130307358,-128.686194832,1.0,2.0,1.0,0.0,356.0
60.0,13002358.0,3.0,225.012214055,-151.823773075,2611.15,-225.012214055,-151.823773075,1.0,3.0,0.0,0.0,358.0
60.0,13102358.0,3.0,225.012214055,-152.263773075,2613.75,-225.012214055,-152.263773075,1.0,3.0,1.0,0.0,358.0
60.0,13112358.0,3.0,225.012214055,-151.383773075,2614.85,-225.012214055,-151.383773075,1.0,3.0,1.0,1.0,358.0
60.0,20012360.0,3.0,225.012214055,-154.343773075,2782.25,-225.012214055,-154.343773075,2.0,0.0,0.0,1.0,360.0
60.0,20102359.0,3.0,225.012214055,-153.963773075,2783.75,-225.012214055,-153.963773075,2.0,0.0,1.0,0.0,359.0
60.0,21002361.0,3.0,237.832782645,-136.715524099,2791.15,-210.479166651,-175.937737385,2.0,1.0,0.0,0.0,361.0
60.0,21012361.0,3.0,237.756085591,-135.838872764,2792.25,-210.555863704,-175.061086051,2.0,1.0,0.0,1.0,361.0
60.0,21112361.0,3.0,237.794434118,-136.277198432,2794.85,-210.517515177,-175.499411718,2.0,1.0,1.0,1.0,361.0
60.0,22012358.0,3.0,211.000357992,-169.980493091,2802.25,-237.311591303,-130.758279804,2.0,2.0,0.0,1.0,358.0
60.0,22102357.0,3.0,211.033477174,-169.601939105,2803.75,-237.278472121,-130.379725819,2.0,2.0,1.0,0.0,357.0
60.0,22112358.0,3.0,210.962009465,-170.418818758,2804.85,-237.34993983,-131.196605471,2.0,2.0,1.0,1.0,358.0
60.0,23012360.0,3.0,225.012214055,-154.343773075,2812.25,-225.012214055,-154.343773075,2.0,3.0,0.0,1.0,360.0
60.0,23112360.0,3.0,225.012214055,-154.783773075,2814.85,-225.012214055,-154.783773075,2.0,3.0,1.0,1.0,360.0
60.0,30012387.0,3.0,249.9992,-157.02,3322.25,-249.9992,-157.02,3.0,0.0,0.0,1.0,387.0
60.0,30102386.0,3.0,249.9992,-156.64,3323.75,-249.9992,-156.64,3.0,0.0,1.0,0.0,386.0
60.0,31012389.0,3.0,263.029401819,-138.020687506,3332.25,-235.066353316,-181.59841943,3.0,1.0,0.0,1.0,389.0
60.0,31102388.0,3.0,262.996282637,-137.64213352,3333.75,-235.099472498,-181.219865445,3.0,1.0,1.0,0.0,388.0
60.0,32012384.0,3.0,235.807177129,-173.130764496,3342.25,-262.288578005,-129.553032572,3.0,2.0,0.0,1.0,384.0
60.0,32112384.0,3.0,235.768828602,-173.569090164,3344.85,-262.326926532,-129.991358239,3.0,2.0,1.0,1.0,384.0
60.0,33012387.0,3.0,249.9992,-157.02,3352.25,-249.9992,-157.02,3.0,3.0,0.0,1.0,387.0
60.0,33102386.0,3.0,249.9992,-156.64,3353.75,-249.9992,-156.64,3.0,3.0,1.0,0.0,386.0
60.0,40002386.0,3.0,249.9992,-156.2,3521.15,-249.9992,-156.2,4.0,0.0,0.0,0.0,386.0
60.0,40112386.0,3.0,249.9992,-155.76,3524.85,-249.9992,-155.76,4.0,0.0,1.0,1.0,386.0
60.0,41002388.0,3.0,262.95793411,-137.203807853,3531.15,-235.137821025,-180.781539778,4.0,1.0,0.0,0.0,388.0
60.0,41102388.0,3.0,262.996282637,-137.64213352,3533.75,-235.099472498,-181.219865445,4.0,1.0,1.0,0.0,388.0
60.0,42002383.0,3.0,235.878644838,-172.313884844,3541.15,-262.217110296,-128.736152919,4.0,2.0,0.0,0.0,383.0
60.0,42112383.0,3.0,235.916993365,-171.875559177,3544.85,-262.17876177,-128.297827252,4.0,2.0,1.0,1.0,383.0
60.0,43002386.0,3.0,249.9992,-156.2,3551.15,-249.9992,-156.2,4.0,3.0,0.0,0.0,386.0
60.0,43112386.0,3.0,249.9992,-155.76,3554.85,-249.9992,-155.76,4.0,3.0,1.0,1.0,386.0
80.0,10002253.0,4.0,225.012214055,26.6762269248,2581.15,-225.012214055,26.6762269248,1.0,0.0,0.0,0.0,253.0
80.0,10102253.0,4.0,225.012214055,26.2362269248,2583.75,-225.012214055,26.2362269248,1.0,0.0,1.0,0.0,253.0
80.0,11002254.0,4.0,221.979153039,44.4922914841,2591.15,-226.332796256,5.27007819756,1.0,1.0,0.0,0.0,254.0
80.0,11112254.0,4.0,221.940804512,44.9306171513,2594.85,-226.371144783,5.70840386472,1.0,1.0,1.0,1.0,254.0
80.0,12012253.0,4.0,226.557658073,7.84026051863,2602.25,-221.754291223,47.0624738052,1.0,2.0,0.0,1.0,253.0
80.0,12102252.0,4.0,226.590777255,8.21881450391,2603.75,-221.72117204,47.4410277905,1.0,2.0,1.0,0.0,252.0
80.0,12112253.0,4.0,226.519309546,7.40193485147,2604.85,-221.79263975,46.624148138,1.0,2.0,1.0,1.0,253.0
80.0,13002253.0,4.0,225.012214055,26.6762269248,2611.15,-225.012214055,26.6762269248,1.0,3.0,0.0,0.0,253.0
80.0,13102253.0,4.0,225.012214055,26.2362269248,2613.75,-225.012214055,26.2362269248,1.0,3.0,1.0,0.0,253.0
80.0,13112253.0,4.0,225.012214055,27.1162269248,2614.85,-225.012214055,27.1162269248,1.0,3.0,1.0,1.0,253.0
80.0,20002252.0,4.0,225.012214055,28.3762269248,2781.15,-225.012214055,28.3762269248,2.0,0.0,0.0,0.0,252.0
80.0,20102252.0,4.0,225.012214055,27.9362269248,2783.75,-225.012214055,27.9362269248,2.0,0.0,1.0,0.0,252.0
80.0,21002253.0,4.0,221.830988276,46.1858224709,2791.15,-226.480961019,6.96360918431,2.0,1.0,0.0,0.0,253.0
80.0,21112253.0,4.0,221.79263975,46.624148138,2794.85,-226.519309546,7.40193485147,2.0,1.0,1.0,1.0,253.0
80.0,22012252.0,4.0,226.705822835,9.53379150539,2802.25,-221.60612646,48.7560047919,2.0,2.0,0.0,1.0,252.0
80.0,22102251.0,4.0,226.738942018,9.91234549066,2803.75,-221.573007278,49.1345587772,2.0,2.0,1.0,0.0,251.0
80.0,23002252.0,4.0,225.012214055,28.3762269248,2811.15,-225.012214055,28.3762269248,2.0,3.0,0.0,0.0,252.0
80.0,23112252.0,4.0,225.012214055,28.8162269248,2814.85,-225.012214055,28.8162269248,2.0,3.0,1.0,1.0,252.0
80.0,30002276.0,4.0,249.9992,30.8,3321.15,-249.9992,30.8,3.0,0.0,0.0,0.0,276.0
80.0,30102276.0,4.0,249.9992,30.36,3323.75,-249.9992,30.36,3.0,0.0,1.0,0.0,276.0
80.0,31002277.0,4.0,246.511645453,50.7781316768,3331.15,-251.584109681,7.20039975215,3.0,1.0,0.0,0.0,277.0
80.0,31012278.0,4.0,246.583113162,49.9612520244,3332.25,-251.512641972,6.38352009971,3.0,1.0,0.0,1.0,278.0
80.0,31102277.0,4.0,246.54999398,50.3398060096,3333.75,-251.545761154,6.76207408499,3.0,1.0,1.0,0.0,277.0
80.0,32002275.0,4.0,251.880439206,10.5874617257,3341.15,-246.215315928,54.1651936503,3.0,2.0,0.0,0.0,275.0
80.0,32012276.0,4.0,251.808971497,9.77058207323,3342.25,-246.286783637,53.3483139979,3.0,2.0,0.0,1.0,276.0
80.0,32102275.0,4.0,251.84209068,10.1491360585,3343.75,-246.253664455,53.7268679831,3.0,2.0,1.0,0.0,275.0
80.0,33002276.0,4.0,249.9992,30.8,3351.15,-249.9992,30.8,3.0,3.0,0.0,0.0,276.0
80.0,33102276.0,4.0,249.9992,30.36,3353.75,-249.9992,30.36,3.0,3.0,1.0,0.0,276.0
80.0,40012277.0,4.0,249.9992,29.98,3522.25,-249.9992,29.98,4.0,0.0,0.0,1.0,277.0
80.0,40102276.0,4.0,249.9992,30.36,3523.75,-249.9992,30.36,4.0,0.0,1.0,0.0,276.0
80.0,41012278.0,4.0,246.583113162,49.9612520244,3532.25,-251.512641972,6.38352009971,4.0,1.0,0.0,1.0,278.0
80.0,41102277.0,4.0,246.54999398,50.3398060096,3533.75,-251.545761154,6.76207408499,4.0,1.0,1.0,0.0,277.0
80.0,41112278.0,4.0,246.621461689,49.5229263572,3534.85,-251.474293445,5.94519443255,4.0,1.0,1.0,1.0,278.0
80.0,42012276.0,4.0,251.808971497,9.77058207323,3542.25,-246.286783637,53.3483139979,4.0,2.0,0.0,1.0,276.0
80.0,42102275.0,4.0,251.84209068,10.1491360585,3543.75,-246.253664455,53.7268679831,4.0,2.0,1.0,0.0,275.0
80.0,43012277.0,4.0,249.9992,29.98,3552.25,-249.9992,29.98,4.0,3.0,0.0,1.0,277.0
80.0,43102276.0,4.0,249.9992,30.36,3553.75,-249.9992,30.36,4.0,3.0,1.0,0.0,276.0
80.0,10012299.0,3.0,225.012214055,-50.6437730752,2582.25,-225.012214055,-50.6437730752,1.0,0.0,0.0,1.0,299.0
80.0,10112299.0,3.0,225.012214055,-51.0837730752,2584.85,-225.012214055,-51.0837730752,1.0,0.0,1.0,1.0,299.0
80.0,11012295.0,3.0,227.977211255,-24.0658276386,2592.25,-220.33473804,-63.2880409251,1.0,1.0,0.0,1.0,295.0
80.0,11102294.0,3.0,227.944092073,-23.6872736533,2593.75,-220.367857223,-62.9094869398,1.0,1.0,1.0,0.0,294.0
80.0,11112295.0,3.0,228.015559782,-24.5041533057,2594.85,-220.296389514,-63.7263665923,1.0,1.0,1.0,1.0,295.0
80.0,12002303.0,3.0,219.072722885,-77.7129401535,2601.15,-229.23922641,-38.4907268669,1.0,2.0,0.0,0.0,303.0
80.0,12012303.0,3.0,219.149419939,-76.8362888192,2602.25,-229.162529356,-37.6140755326,1.0,2.0,0.0,1.0,303.0
80.0,12112303.0,3.0,219.111071412,-77.2746144863,2604.85,-229.200877883,-38.0524011998,1.0,2.0,1.0,1.0,303.0
80.0,13002299.0,3.0,225.012214055,-51.5237730752,2611.15,-225.012214055,-51.5237730752,1.0,3.0,0.0,0.0,299.0
80.0,13112299.0,3.0,225.012214055,-51.0837730752,2614.85,-225.012214055,-51.0837730752,1.0,3.0,1.0,1.0,299.0
80.0,20012300.0,3.0,225.012214055,-52.3437730752,2782.25,-225.012214055,-52.3437730752,2.0,0.0,0.0,1.0,300.0
80.0,20112300.0,3.0,225.012214055,-52.7837730752,2784.85,-225.012214055,-52.7837730752,2.0,0.0,1.0,1.0,300.0
80.0,21012296.0,3.0,228.125376018,-25.7593586253,2792.25,-220.186573278,-64.9815719119,2.0,1.0,0.0,1.0,296.0
80.0,21102295.0,3.0,228.092256835,-25.3808046401,2793.75,-220.21969246,-64.6030179266,2.0,1.0,1.0,0.0,295.0
80.0,22002304.0,3.0,218.924558123,-79.4064711402,2801.15,-229.387391173,-40.1842578537,2.0,2.0,0.0,0.0,304.0
80.0,22112304.0,3.0,218.96290665,-78.9681454731,2804.85,-229.349042646,-39.7459321865,2.0,2.0,1.0,1.0,304.0
80.0,23002300.0,3.0,225.012214055,-53.2237730752,2811.15,-225.012214055,-53.2237730752,2.0,3.0,0.0,0.0,300.0
80.0,23012300.0,3.0,225.012214055,-52.3437730752,2812.25,-225.012214055,-52.3437730752,2.0,3.0,0.0,1.0,300.0
80.0,23112300.0,3.0,225.012214055,-52.7837730752,2814.85,-225.012214055,-52.7837730752,2.0,3.0,1.0,1.0,300.0
80.0,30002327.0,3.0,249.9992,-55.9,3321.15,-249.9992,-55.9,3.0,0.0,0.0,0.0,327.0
80.0,30112327.0,3.0,249.9992,-55.46,3324.85,-249.9992,-55.46,3.0,0.0,1.0,1.0,327.0
80.0,31002322.0,3.0,253.179059773,-25.4307627272,3331.15,-244.916695361,-69.0084946519,3.0,1.0,0.0,0.0,322.0
80.0,31012323.0,3.0,253.250527482,-26.2476423797,3332.25,-244.845227652,-69.8253743043,3.0,1.0,0.0,1.0,323.0
80.0,31102322.0,3.0,253.2174083,-25.8690883944,3333.75,-244.878346834,-69.446820319,3.0,1.0,1.0,0.0,322.0
80.0,32012332.0,3.0,243.511744788,-85.0671531851,3342.25,-254.584010347,-41.4894212605,3.0,2.0,0.0,1.0,332.0
80.0,32102331.0,3.0,243.54486397,-84.6885991998,3343.75,-254.550891164,-41.1108672752,3.0,2.0,1.0,0.0,331.0
80.0,32112332.0,3.0,243.473396261,-85.5054788523,3344.85,-254.622358873,-41.9277469276,3.0,2.0,1.0,1.0,332.0
80.0,33002327.0,3.0,249.9992,-55.9,3351.15,-249.9992,-55.9,3.0,3.0,0.0,0.0,327.0
80.0,33102327.0,3.0,249.9992,-56.34,3353.75,-249.9992,-56.34,3.0,3.0,1.0,0.0,327.0
80.0,33112327.0,3.0,249.9992,-55.46,3354.85,-249.9992,-55.46,3.0,3.0,1.0,1.0,327.0
80.0,40012328.0,3.0,249.9992,-56.72,3522.25,-249.9992,-56.72,4.0,0.0,0.0,1.0,328.0
80.0,40102327.0,3.0,249.9992,-56.34,3523.75,-249.9992,-56.34,4.0,0.0,1.0,0.0,327.0
80.0,41012323.0,3.0,253.250527482,-26.2476423797,3532.25,-244.845227652,-69.8253743043,4.0,1.0,0.0,1.0,323.0
80.0,41102322.0,3.0,253.2174083,-25.8690883944,3533.75,-244.878346834,-69.446820319,4.0,1.0,1.0,0.0,322.0
80.0,42002332.0,3.0,243.435047734,-85.9438045194,3541.15,-254.6607074,-42.3660725948,4.0,2.0,0.0,0.0,332.0
80.0,42102332.0,3.0,243.396699207,-86.3821301866,3543.75,-254.699055927,-42.8043982619,4.0,2.0,1.0,0.0,332.0
80.0,42112332.0,3.0,243.473396261,-85.5054788523,3544.85,-254.622358873,-41.9277469276,4.0,2.0,1.0,1.0,332.0
80.0,43012328.0,3.0,249.9992,-56.72,3552.25,-249.9992,-56.72,4.0,3.0,0.0,1.0,328.0
80.0,43102327.0,3.0,249.9992,-56.34,3553.75,-249.9992,-56.34,4.0,3.0,1.0,0.0,327.0
85.0,10002361.0,4.0,225.012214055,-156.923773075,2581.15,-225.012214055,-156.923773075,1.0,0.0,0.0,0.0,361.0
85.0,10112361.0,4.0,225.012214055,-156.483773075,2584.85,-225.012214055,-156.483773075,1.0,0.0,1.0,1.0,361.0
85.0,11002359.0,4.0,237.536453119,-133.328462125,2591.15,-210.775496176,-172.550675412,1.0,1.0,0.0,0.0,359.0
85.0,11112359.0,4.0,237.498104593,-132.890136458,2594.85,-210.813844703,-172.112349745,1.0,1.0,1.0,1.0,359.0
85.0,12012363.0,4.0,210.259534179,-178.448148025,2602.25,-238.052415117,-139.225934738,1.0,2.0,0.0,1.0,363.0
85.0,12102362.0,4.0,210.292653361,-178.069594039,2603.75,-238.019295934,-138.847380753,1.0,2.0,1.0,0.0,362.0
85.0,13002361.0,4.0,225.012214055,-156.923773075,2611.15,-225.012214055,-156.923773075,1.0,3.0,0.0,0.0,361.0
85.0,13102361.0,4.0,225.012214055,-157.363773075,2613.75,-225.012214055,-157.363773075,1.0,3.0,1.0,0.0,361.0
85.0,20002362.0,4.0,225.012214055,-158.623773075,2781.15,-225.012214055,-158.623773075,2.0,0.0,0.0,0.0,362.0
85.0,20102362.0,4.0,225.012214055,-159.063773075,2783.75,-225.012214055,-159.063773075,2.0,0.0,1.0,0.0,362.0
85.0,21002360.0,4.0,237.684617882,-135.021993112,2791.15,-210.627331413,-174.244206399,2.0,1.0,0.0,0.0,360.0
85.0,21112360.0,4.0,237.646269355,-134.583667445,2794.85,-210.66567994,-173.805880731,2.0,1.0,1.0,1.0,360.0
85.0,22012364.0,4.0,210.111369416,-180.141679011,2802.25,-238.200579879,-140.919465725,2.0,2.0,0.0,1.0,364.0
85.0,22112364.0,4.0,210.073020889,-180.580004678,2804.85,-238.238928406,-141.357791392,2.0,2.0,1.0,1.0,364.0
85.0,23002362.0,4.0,225.012214055,-158.623773075,2811.15,-225.012214055,-158.623773075,2.0,3.0,0.0,0.0,362.0
85.0,23012363.0,4.0,225.012214055,-159.443773075,2812.25,-225.012214055,-159.443773075,2.0,3.0,0.0,1.0,363.0
85.0,23102362.0,4.0,225.012214055,-159.063773075,2813.75,-225.012214055,-159.063773075,2.0,3.0,1.0,0.0,362.0
85.0,30012393.0,4.0,249.9992,-167.22,3322.25,-249.9992,-167.22,3.0,0.0,0.0,1.0,393.0
85.0,30102392.0,4.0,249.9992,-166.84,3323.75,-249.9992,-166.84,3.0,0.0,1.0,0.0,392.0
85.0,31002390.0,4.0,263.254263635,-140.590869827,3331.15,-234.841491499,-184.168601751,3.0,1.0,0.0,0.0,390.0
85.0,31012390.0,4.0,263.177566581,-139.714218492,3332.25,-234.918188553,-183.291950417,3.0,1.0,0.0,1.0,390.0
85.0,31112390.0,4.0,263.215915108,-140.152544159,3334.85,-234.879840026,-183.730276084,3.0,1.0,1.0,1.0,390.0
85.0,32012395.0,4.0,234.17736474,-191.759605351,3342.25,-263.918390395,-148.181873426,3.0,2.0,0.0,1.0,395.0
85.0,32112395.0,4.0,234.139016213,-192.197931018,3344.85,-263.956738922,-148.620199093,3.0,2.0,1.0,1.0,395.0
85.0,33002393.0,4.0,249.9992,-168.1,3351.15,-249.9992,-168.1,3.0,3.0,0.0,0.0,393.0
85.0,33012393.0,4.0,249.9992,-167.22,3352.25,-249.9992,-167.22,3.0,3.0,0.0,1.0,393.0
85.0,33112393.0,4.0,249.9992,-167.66,3354.85,-249.9992,-167.66,3.0,3.0,1.0,1.0,393.0
85.0,40002395.0,4.0,249.9992,-171.5,3521.15,-249.9992,-171.5,4.0,0.0,0.0,0.0,395.0
85.0,40112395.0,4.0,249.9992,-171.06,3524.85,-249.9992,-171.06,4.0,0.0,1.0,1.0,395.0
85.0,41002392.0,4.0,263.55059316,-143.9779318,3531.15,-234.545161974,-187.555663725,4.0,1.0,0.0,0.0,392.0
85.0,41102392.0,4.0,263.588941687,-144.416257467,3533.75,-234.506813447,-187.993989392,4.0,1.0,1.0,0.0,392.0
85.0,42012398.0,4.0,233.732870452,-196.840198311,3542.25,-264.362884683,-153.262466386,4.0,2.0,0.0,1.0,398.0
85.0,42102397.0,4.0,233.765989634,-196.461644326,3543.75,-264.329765501,-152.883912401,4.0,2.0,1.0,0.0,397.0
85.0,43002395.0,4.0,249.9992,-171.5,3551.15,-249.9992,-171.5,4.0,3.0,0.0,0.0,395.0
85.0,43012396.0,4.0,249.9992,-172.32,3552.25,-249.9992,-172.32,4.0,3.0,0.0,1.0,396.0
85.0,43102395.0,4.0,249.9992,-171.94,3553.75,-249.9992,-171.94,4.0,3.0,1.0,0.0,395.0
85.0,10002408.0,3.0,225.012214055,-236.823773075,2581.15,-225.012214055,-236.823773075,1.0,0.0,0.0,0.0,408.0
85.0,10112408.0,3.0,225.012214055,-236.383773075,2584.85,-225.012214055,-236.383773075,1.0,0.0,1.0,1.0,408.0
85.0,11002413.0,3.0,245.537350304,-224.77913541,2591.15,-202.774598992,-264.001348697,1.0,1.0,0.0,0.0,413.0
85.0,11112413.0,3.0,245.499001777,-224.340809743,2594.85,-202.812947518,-263.563023029,1.0,1.0,1.0,1.0,413.0
85.0,12012403.0,3.0,204.332943672,-246.189387495,2602.25,-243.979005623,-206.967174208,1.0,2.0,0.0,1.0,403.0
85.0,12112403.0,3.0,204.294595145,-246.627713162,2604.85,-244.01735415,-207.405499875,1.0,2.0,1.0,1.0,403.0
85.0,13012409.0,3.0,225.012214055,-237.643773075,2612.25,-225.012214055,-237.643773075,1.0,3.0,0.0,1.0,409.0
85.0,13112409.0,3.0,225.012214055,-238.083773075,2614.85,-225.012214055,-238.083773075,1.0,3.0,1.0,1.0,409.0
85.0,20012414.0,3.0,225.012214055,-246.143773075,2782.25,-225.012214055,-246.143773075,2.0,0.0,0.0,1.0,414.0
85.0,20112414.0,3.0,225.012214055,-246.583773075,2784.85,-225.012214055,-246.583773075,2.0,0.0,1.0,1.0,414.0
85.0,21012420.0,3.0,246.497806589,-235.757200983,2792.25,-201.814142707,-274.97941427,2.0,1.0,0.0,1.0,420.0
85.0,21102419.0,3.0,246.464687407,-235.378646998,2793.75,-201.847261889,-274.600860284,2.0,1.0,1.0,0.0,419.0
85.0,22002408.0,3.0,203.515422805,-255.533693763,2801.15,-244.79652649,-216.311480476,2.0,2.0,0.0,0.0,408.0
85.0,22112408.0,3.0,203.553771332,-255.095368096,2804.85,-244.758177964,-215.873154809,2.0,2.0,1.0,1.0,408.0
85.0,23012415.0,3.0,225.012214055,-247.843773075,2812.25,-225.012214055,-247.843773075,2.0,3.0,0.0,1.0,415.0
85.0,23112415.0,3.0,225.012214055,-248.283773075,2814.85,-225.012214055,-248.283773075,2.0,3.0,1.0,1.0,415.0
85.0,30002448.0,3.0,249.9992,-261.6,3321.15,-249.9992,-261.6,3.0,0.0,0.0,0.0,448.0
85.0,30112448.0,3.0,249.9992,-261.16,3324.85,-249.9992,-261.16,3.0,0.0,1.0,1.0,448.0
85.0,31002455.0,3.0,272.884973209,-250.670383966,3331.15,-225.210781926,-294.24811589,3.0,1.0,0.0,0.0,455.0
85.0,31102455.0,3.0,272.923321735,-251.108709633,3333.75,-225.172433399,-294.686441558,3.0,1.0,1.0,0.0,455.0
85.0,32002440.0,3.0,227.433253366,-268.845151089,3341.15,-270.662501769,-225.267419164,3.0,2.0,0.0,0.0,440.0
85.0,32012440.0,3.0,227.509950419,-267.968499755,3342.25,-270.585804715,-224.39076783,3.0,2.0,0.0,1.0,440.0
85.0,32112440.0,3.0,227.471601893,-268.406825422,3344.85,-270.624153242,-224.829093497,3.0,2.0,1.0,1.0,440.0
85.0,33002448.0,3.0,249.9992,-261.6,3351.15,-249.9992,-261.6,3.0,3.0,0.0,0.0,448.0
85.0,33102448.0,3.0,249.9992,-262.04,3353.75,-249.9992,-262.04,3.0,3.0,1.0,0.0,448.0
85.0,40012449.0,3.0,249.9992,-262.42,3522.25,-249.9992,-262.42,4.0,0.0,0.0,1.0,449.0
85.0,40102448.0,3.0,249.9992,-262.04,3523.75,-249.9992,-262.04,4.0,0.0,1.0,0.0,448.0
85.0,41002456.0,3.0,273.033137971,-252.363914953,3531.15,-225.062617163,-295.941646877,4.0,1.0,0.0,0.0,456.0
85.0,41102456.0,3.0,273.071486498,-252.80224062,3533.75,-225.024268636,-296.379972544,4.0,1.0,1.0,0.0,456.0
85.0,42012440.0,3.0,227.509950419,-267.968499755,3542.25,-270.585804715,-224.39076783,4.0,2.0,0.0,1.0,440.0
85.0,42102439.0,3.0,227.543069602,-267.589945769,3543.75,-270.552685533,-224.012213845,4.0,2.0,1.0,0.0,439.0
85.0,43012449.0,3.0,249.9992,-262.42,3552.25,-249.9992,-262.42,4.0,3.0,0.0,1.0,449.0
85.0,43102448.0,3.0,249.9992,-262.04,3553.75,-249.9992,-262.04,4.0,3.0,1.0,0.0,448.0
92.0,10012265.0,4.0,225.012214055,7.15622692481,2582.25,-225.012214055,7.15622692481,1.0,0.0,0.0,1.0,265.0
92.0,10102264.0,4.0,225.012214055,7.53622692481,2583.75,-225.012214055,7.53622692481,1.0,0.0,1.0,0.0,264.0
92.0,11012269.0,4.0,224.124927425,19.9659780171,2592.25,-224.18702187,-19.2562352695,1.0,1.0,0.0,1.0,269.0
92.0,11112269.0,4.0,224.163275952,19.5276523499,2594.85,-224.148673343,-19.6945609366,1.0,1.0,1.0,1.0,269.0
92.0,12002260.0,4.0,225.44380768,-4.89110772298,2601.15,-222.868141615,34.3311055636,1.0,2.0,0.0,0.0,260.0
92.0,12012261.0,4.0,225.372339971,-5.70798737541,2602.25,-222.939609324,33.5142259111,1.0,2.0,0.0,1.0,261.0
92.0,12102260.0,4.0,225.405459153,-5.32943339014,2603.75,-222.906490142,33.8927798964,1.0,2.0,1.0,0.0,260.0
92.0,13012265.0,4.0,225.012214055,7.15622692481,2612.25,-225.012214055,7.15622692481,1.0,3.0,0.0,1.0,265.0
92.0,13102264.0,4.0,225.012214055,7.53622692481,2613.75,-225.012214055,7.53622692481,1.0,3.0,1.0,0.0,264.0
92.0,13112265.0,4.0,225.012214055,6.71622692481,2614.85,-225.012214055,6.71622692481,1.0,3.0,1.0,1.0,265.0
92.0,20002265.0,4.0,225.012214055,6.27622692481,2781.15,-225.012214055,6.27622692481,2.0,0.0,0.0,0.0,265.0
92.0,20102265.0,4.0,225.012214055,5.83622692481,2783.75,-225.012214055,5.83622692481,2.0,0.0,1.0,0.0,265.0
92.0,20112265.0,4.0,225.012214055,6.71622692481,2784.85,-225.012214055,6.71622692481,2.0,0.0,1.0,1.0,265.0
92.0,21012270.0,4.0,224.273092188,18.2724470303,2792.25,-224.038857107,-20.9497662562,2.0,1.0,0.0,1.0,270.0
92.0,21102269.0,4.0,224.239973006,18.6510010156,2793.75,-224.071976289,-20.5712122709,2.0,1.0,1.0,0.0,269.0
92.0,22012261.0,4.0,225.372339971,-5.70798737541,2802.25,-222.939609324,33.5142259111,2.0,2.0,0.0,1.0,261.0
92.0,22112261.0,4.0,225.333991444,-6.14631304257,2804.85,-222.977957851,33.075900244,2.0,2.0,1.0,1.0,261.0
92.0,23002265.0,4.0,225.012214055,6.27622692481,2811.15,-225.012214055,6.27622692481,2.0,3.0,0.0,0.0,265.0
92.0,23102265.0,4.0,225.012214055,5.83622692481,2813.75,-225.012214055,5.83622692481,2.0,3.0,1.0,0.0,265.0
92.0,30002293.0,4.0,249.9992,1.9,3321.15,-249.9992,1.9,3.0,0.0,0.0,0.0,293.0
92.0,30112293.0,4.0,249.9992,2.34,3324.85,-249.9992,2.34,3.0,0.0,1.0,1.0,293.0
92.0,31012298.0,4.0,249.546408416,16.0906322892,3332.25,-248.549346719,-27.4870996354,3.0,1.0,0.0,1.0,298.0
92.0,31112298.0,4.0,249.584756943,15.6523066221,3334.85,-248.510998192,-27.9254253026,3.0,1.0,1.0,1.0,298.0
92.0,32012289.0,4.0,249.882829583,-12.2453207546,3342.25,-248.212925552,31.33241117,3.0,2.0,0.0,1.0,289.0
92.0,32102288.0,4.0,249.915948765,-11.8667667693,3343.75,-248.179806369,31.7109651553,3.0,2.0,1.0,0.0,288.0
92.0,33002293.0,4.0,249.9992,1.9,3351.15,-249.9992,1.9,3.0,3.0,0.0,0.0,293.0
92.0,33102293.0,4.0,249.9992,1.46,3353.75,-249.9992,1.46,3.0,3.0,1.0,0.0,293.0
92.0,40002294.0,4.0,249.9992,0.2,3521.15,-249.9992,0.2,4.0,0.0,0.0,0.0,294.0
92.0,40102294.0,4.0,249.9992,-0.24,3523.75,-249.9992,-0.24,4.0,0.0,1.0,0.0,294.0
92.0,41002299.0,4.0,249.771270232,13.5204499682,3531.15,-248.324484902,-30.0572819565,4.0,1.0,0.0,0.0,299.0
92.0,41102299.0,4.0,249.809618759,13.082124301,3533.75,-248.286136376,-30.4956076236,4.0,1.0,1.0,0.0,299.0
92.0,42012290.0,4.0,249.73466482,-13.9388517414,3542.25,-248.361090314,29.6388801833,4.0,2.0,0.0,1.0,290.0
92.0,42102289.0,4.0,249.767784002,-13.5602977561,3543.75,-248.327971132,30.0174341686,4.0,2.0,1.0,0.0,289.0
92.0,42112290.0,4.0,249.696316293,-14.3771774085,3544.85,-248.399438841,29.2005545161,4.0,2.0,1.0,1.0,290.0
92.0,43012295.0,4.0,249.9992,-0.62,3552.25,-249.9992,-0.62,4.0,3.0,0.0,1.0,295.0
92.0,43102294.0,4.0,249.9992,-0.24,3553.75,-249.9992,-0.24,4.0,3.0,1.0,0.0,294.0
92.0,10012212.0,3.0,225.012214055,97.2562269248,2582.25,-225.012214055,97.2562269248,1.0,0.0,0.0,1.0,212.0
92.0,10102211.0,3.0,225.012214055,97.6362269248,2583.75,-225.012214055,97.6362269248,1.0,0.0,1.0,0.0,211.0
92.0,11002212.0,3.0,215.756233007,115.620592928,2591.15,-232.555716289,76.3983796413,1.0,1.0,0.0,0.0,212.0
92.0,11012213.0,3.0,215.827700716,114.803713275,2592.25,-232.484248579,75.5814999889,1.0,1.0,0.0,1.0,213.0
92.0,11102212.0,3.0,215.794581534,115.182267261,2593.75,-232.517367762,75.9600539741,1.0,1.0,1.0,0.0,212.0
92.0,12002210.0,3.0,232.852045814,79.7854416148,2601.15,-215.459903481,119.007654901,1.0,2.0,0.0,0.0,210.0
92.0,12102210.0,3.0,232.813697287,79.3471159477,2603.75,-215.498252008,118.569329234,1.0,2.0,1.0,0.0,210.0
92.0,13012211.0,3.0,225.012214055,98.9562269248,2612.25,-225.012214055,98.9562269248,1.0,3.0,0.0,1.0,211.0
92.0,13102210.0,3.0,225.012214055,99.3362269248,2613.75,-225.012214055,99.3362269248,1.0,3.0,1.0,0.0,210.0
92.0,20012205.0,3.0,225.012214055,109.156226925,2782.25,-225.012214055,109.156226925,2.0,0.0,0.0,1.0,205.0
92.0,20102204.0,3.0,225.012214055,109.536226925,2783.75,-225.012214055,109.536226925,2.0,0.0,1.0,0.0,204.0
92.0,21002205.0,3.0,214.719079668,127.475309835,2791.15,-233.592869627,88.2530965486,2.0,1.0,0.0,0.0,205.0
92.0,21112205.0,3.0,214.680731141,127.913635502,2794.85,-233.631218154,88.6914222158,2.0,1.0,1.0,1.0,205.0
92.0,22012204.0,3.0,233.817731443,90.8232788697,2802.25,-214.494217852,130.045492156,2.0,2.0,0.0,1.0,204.0
92.0,22102203.0,3.0,233.850850626,91.201832855,2803.75,-214.46109867,130.424046141,2.0,2.0,1.0,0.0,203.0
92.0,23012204.0,3.0,225.012214055,110.856226925,2812.25,-225.012214055,110.856226925,2.0,3.0,0.0,1.0,204.0
92.0,23102203.0,3.0,225.012214055,111.236226925,2813.75,-225.012214055,111.236226925,2.0,3.0,1.0,0.0,203.0
92.0,30002203.0,3.0,249.9992,154.9,3321.15,-249.9992,154.9,3.0,0.0,0.0,0.0,203.0
92.0,30112203.0,3.0,249.9992,155.34,3324.85,-249.9992,155.34,3.0,0.0,1.0,1.0,203.0
92.0,31012203.0,3.0,235.470755962,176.976076031,3332.25,-262.624999172,133.398344106,3.0,1.0,0.0,1.0,203.0
92.0,31102202.0,3.0,235.43763678,177.354630016,3333.75,-262.658118355,133.776898092,3.0,1.0,1.0,0.0,202.0
92.0,32002202.0,3.0,262.696466881,134.215223759,3341.15,-235.399288253,177.792955683,3.0,2.0,0.0,0.0,202.0
92.0,32102202.0,3.0,262.658118355,133.776898092,3343.75,-235.43763678,177.354630016,3.0,2.0,1.0,0.0,202.0
92.0,32112202.0,3.0,262.734815408,134.653549426,3344.85,-235.360939726,178.231281351,3.0,2.0,1.0,1.0,202.0
92.0,33002201.0,3.0,249.9992,158.3,3351.15,-249.9992,158.3,3.0,3.0,0.0,0.0,201.0
92.0,33112201.0,3.0,249.9992,158.74,3354.85,-249.9992,158.74,3.0,3.0,1.0,1.0,201.0
92.0,40012190.0,3.0,249.9992,177.88,3522.25,-249.9992,177.88,4.0,0.0,0.0,1.0,190.0
92.0,40102189.0,3.0,249.9992,178.26,3523.75,-249.9992,178.26,4.0,0.0,1.0,0.0,189.0
92.0,41002189.0,3.0,233.473146338,199.808858511,3531.15,-264.622608796,156.231126587,4.0,1.0,0.0,0.0,189.0
92.0,41112189.0,3.0,233.434797811,200.247184178,3534.85,-264.660957323,156.669452254,4.0,1.0,1.0,1.0,189.0
92.0,42002189.0,3.0,264.622608796,156.231126587,3541.15,-233.473146338,199.808858511,4.0,2.0,0.0,0.0,189.0
92.0,42102189.0,3.0,264.584260269,155.79280092,3543.75,-233.511494865,199.370532844,4.0,2.0,1.0,0.0,189.0
92.0,42112189.0,3.0,264.660957323,156.669452254,3544.85,-233.434797811,200.247184178,4.0,2.0,1.0,1.0,189.0
92.0,43012188.0,3.0,249.9992,181.28,3552.25,-249.9992,181.28,4.0,3.0,0.0,1.0,188.0
92.0,43102187.0,3.0,249.9992,181.66,3553.75,-249.9992,181.66,4.0,3.0,1.0,0.0,187.0
97.0,10002382.0,4.0,225.012214055,-192.623773075,2581.15,-225.012214055,-192.623773075,1.0,0.0,0.0,0.0,382.0
97.0,10102382.0,4.0,225.012214055,-193.063773075,2583.75,-225.012214055,-193.063773075,1.0,0.0,1.0,0.0,382.0
97.0,11012382.0,4.0,240.867545607,-171.403023486,2592.25,-207.444403688,-210.625236773,1.0,1.0,0.0,1.0,382.0
97.0,11112382.0,4.0,240.905894134,-171.841349153,2594.85,-207.406055161,-211.06356244,1.0,1.0,1.0,1.0,382.0
97.0,12002382.0,4.0,207.367706634,-211.501888107,2601.15,-240.944242661,-172.279674821,1.0,2.0,0.0,0.0,382.0
97.0,12102382.0,4.0,207.329358108,-211.940213774,2603.75,-240.982591188,-172.718000488,1.0,2.0,1.0,0.0,382.0
97.0,13012383.0,4.0,225.012214055,-193.443773075,2612.25,-225.012214055,-193.443773075,1.0,3.0,0.0,1.0,383.0
97.0,13102382.0,4.0,225.012214055,-193.063773075,2613.75,-225.012214055,-193.063773075,1.0,3.0,1.0,0.0,382.0
97.0,13112383.0,4.0,225.012214055,-193.883773075,2614.85,-225.012214055,-193.883773075,1.0,3.0,1.0,1.0,383.0
97.0,20012385.0,4.0,225.012214055,-196.843773075,2782.25,-225.012214055,-196.843773075,2.0,0.0,0.0,1.0,385.0
97.0,20112385.0,4.0,225.012214055,-197.283773075,2784.85,-225.012214055,-197.283773075,2.0,0.0,1.0,1.0,385.0
97.0,21002384.0,4.0,241.240572186,-175.666736794,2791.15,-207.071377109,-214.888950081,2.0,1.0,0.0,0.0,384.0
97.0,21102384.0,4.0,241.278920713,-176.105062461,2793.75,-207.033028582,-215.327275748,2.0,1.0,1.0,0.0,384.0
97.0,21112384.0,4.0,241.202223659,-175.228411127,2794.85,-207.109725636,-214.450624414,2.0,1.0,1.0,1.0,384.0
97.0,22002385.0,4.0,206.923212346,-216.582481067,2801.15,-241.388736949,-177.360267781,2.0,2.0,0.0,0.0,385.0
97.0,22012385.0,4.0,206.9999094,-215.705829733,2802.25,-241.312039895,-176.483616447,2.0,2.0,0.0,1.0,385.0
97.0,22112385.0,4.0,206.961560873,-216.1441554,2804.85,-241.350388422,-176.921942114,2.0,2.0,1.0,1.0,385.0
97.0,23002385.0,4.0,225.012214055,-197.723773075,2811.15,-225.012214055,-197.723773075,2.0,3.0,0.0,0.0,385.0
97.0,23102385.0,4.0,225.012214055,-198.163773075,2813.75,-225.012214055,-198.163773075,2.0,3.0,1.0,0.0,385.0
97.0,23112385.0,4.0,225.012214055,-197.283773075,2814.85,-225.012214055,-197.283773075,2.0,3.0,1.0,1.0,385.0
97.0,30012418.0,4.0,249.9992,-209.72,3322.25,-249.9992,-209.72,3.0,0.0,0.0,1.0,418.0
97.0,30112418.0,4.0,249.9992,-210.16,3324.85,-249.9992,-210.16,3.0,0.0,1.0,1.0,418.0
97.0,31002417.0,4.0,267.254712227,-186.316206469,3331.15,-230.841042907,-229.893938394,3.0,1.0,0.0,0.0,417.0
97.0,31112417.0,4.0,267.2163637,-185.877880802,3334.85,-230.879391434,-229.455612727,3.0,1.0,1.0,1.0,417.0
97.0,32002418.0,4.0,230.692878145,-231.58746938,3341.15,-267.40287699,-188.009737456,3.0,2.0,0.0,0.0,418.0
97.0,32102418.0,4.0,230.654529618,-232.025795048,3343.75,-267.441225517,-188.448063123,3.0,2.0,1.0,0.0,418.0
97.0,33002418.0,4.0,249.9992,-210.6,3351.15,-249.9992,-210.6,3.0,3.0,0.0,0.0,418.0
97.0,33102418.0,4.0,249.9992,-211.04,3353.75,-249.9992,-211.04,3.0,3.0,1.0,0.0,418.0
97.0,40002421.0,4.0,249.9992,-215.7,3521.15,-249.9992,-215.7,4.0,0.0,0.0,0.0,421.0
97.0,40112421.0,4.0,249.9992,-215.26,3524.85,-249.9992,-215.26,4.0,0.0,1.0,1.0,421.0
97.0,41002420.0,4.0,267.699206515,-191.396799429,3531.15,-230.396548619,-234.974531354,4.0,1.0,0.0,0.0,420.0
97.0,41112420.0,4.0,267.660857988,-190.958473762,3534.85,-230.434897146,-234.536205687,4.0,1.0,1.0,1.0,420.0
97.0,42012422.0,4.0,230.176916147,-237.484941993,3542.25,-267.918838987,-193.907210069,4.0,2.0,0.0,1.0,422.0
97.0,42102421.0,4.0,230.21003533,-237.106388008,3543.75,-267.885719805,-193.528656083,4.0,2.0,1.0,0.0,421.0
97.0,42112422.0,4.0,230.138567621,-237.92326766,3544.85,-267.957187514,-194.345535736,4.0,2.0,1.0,1.0,422.0
97.0,43012422.0,4.0,249.9992,-216.52,3552.25,-249.9992,-216.52,4.0,3.0,0.0,1.0,422.0
97.0,43102421.0,4.0,249.9992,-216.14,3553.75,-249.9992,-216.14,4.0,3.0,1.0,0.0,421.0
97.0,10012382.0,3.0,225.012214055,-191.743773075,2582.25,-225.012214055,-191.743773075,1.0,0.0,0.0,1.0,382.0
97.0,10112382.0,3.0,225.012214055,-192.183773075,2584.85,-225.012214055,-192.183773075,1.0,0.0,1.0,1.0,382.0
97.0,11012382.0,3.0,240.867545607,-171.403023486,2592.25,-207.444403688,-210.625236773,1.0,1.0,0.0,1.0,382.0
97.0,11112382.0,3.0,240.905894134,-171.841349153,2594.85,-207.406055161,-211.06356244,1.0,1.0,1.0,1.0,382.0
97.0,12002381.0,3.0,207.515871397,-209.80835712,2601.15,-240.796077898,-170.586143834,1.0,2.0,0.0,0.0,381.0
97.0,12102381.0,3.0,207.47752287,-210.246682788,2603.75,-240.834426425,-171.024469501,1.0,2.0,1.0,0.0,381.0
97.0,13002382.0,3.0,225.012214055,-192.623773075,2611.15,-225.012214055,-192.623773075,1.0,3.0,0.0,0.0,382.0
97.0,13112382.0,3.0,225.012214055,-192.183773075,2614.85,-225.012214055,-192.183773075,1.0,3.0,1.0,1.0,382.0
97.0,20002384.0,3.0,225.012214055,-196.023773075,2781.15,-225.012214055,-196.023773075,2.0,0.0,0.0,0.0,384.0
97.0,20112384.0,3.0,225.012214055,-195.583773075,2784.85,-225.012214055,-195.583773075,2.0,0.0,1.0,1.0,384.0
97.0,21002384.0,3.0,241.240572186,-175.666736794,2791.15,-207.071377109,-214.888950081,2.0,1.0,0.0,0.0,384.0
97.0,21112384.0,3.0,241.202223659,-175.228411127,2794.85,-207.109725636,-214.450624414,2.0,1.0,1.0,1.0,384.0
97.0,22002383.0,3.0,207.219541872,-213.195419094,2801.15,-241.092407424,-173.973205807,2.0,2.0,0.0,0.0,383.0
97.0,22102383.0,3.0,207.181193345,-213.633744761,2803.75,-241.13075595,-174.411531475,2.0,2.0,1.0,0.0,383.0
97.0,23002384.0,3.0,225.012214055,-196.023773075,2811.15,-225.012214055,-196.023773075,2.0,3.0,0.0,0.0,384.0
97.0,23102384.0,3.0,225.012214055,-196.463773075,2813.75,-225.012214055,-196.463773075,2.0,3.0,1.0,0.0,384.0
97.0,30012415.0,3.0,249.9992,-204.62,3322.25,-249.9992,-204.62,3.0,0.0,0.0,1.0,415.0
97.0,30102414.0,3.0,249.9992,-204.24,3323.75,-249.9992,-204.24,3.0,0.0,1.0,0.0,414.0
97.0,30112415.0,3.0,249.9992,-205.06,3324.85,-249.9992,-205.06,3.0,0.0,1.0,1.0,415.0
97.0,31002415.0,3.0,266.958382702,-182.929144496,3331.15,-231.137372433,-226.50687642,3.0,1.0,0.0,0.0,415.0
97.0,31112415.0,3.0,266.920034175,-182.490818828,3334.85,-231.175720959,-226.068550753,3.0,1.0,1.0,1.0,415.0
97.0,32012414.0,3.0,231.362234249,-223.936694099,3342.25,-266.733520886,-180.358962174,3.0,2.0,0.0,1.0,414.0
97.0,32102413.0,3.0,231.395353431,-223.558140114,3343.75,-266.700401703,-179.980408189,3.0,2.0,1.0,0.0,413.0
97.0,32112414.0,3.0,231.323885722,-224.375019766,3344.85,-266.771869412,-180.797287842,3.0,2.0,1.0,1.0,414.0
97.0,33002415.0,3.0,249.9992,-205.5,3351.15,-249.9992,-205.5,3.0,3.0,0.0,0.0,415.0
97.0,33012415.0,3.0,249.9992,-204.62,3352.25,-249.9992,-204.62,3.0,3.0,0.0,1.0,415.0
97.0,33112415.0,3.0,249.9992,-205.06,3354.85,-249.9992,-205.06,3.0,3.0,1.0,1.0,415.0
97.0,40002416.0,3.0,249.9992,-207.2,3521.15,-249.9992,-207.2,4.0,0.0,0.0,0.0,416.0
97.0,40102416.0,3.0,249.9992,-207.64,3523.75,-249.9992,-207.64,4.0,0.0,1.0,0.0,416.0
97.0,41012417.0,3.0,267.178015174,-185.439555135,3532.25,-230.917739961,-229.017287059,4.0,1.0,0.0,1.0,417.0
97.0,41112417.0,3.0,267.2163637,-185.877880802,3534.85,-230.879391434,-229.455612727,4.0,1.0,1.0,1.0,417.0
97.0,42002415.0,3.0,231.137372433,-226.50687642,3541.15,-266.958382702,-182.929144496,4.0,2.0,0.0,0.0,415.0
97.0,42102415.0,3.0,231.099023906,-226.945202087,3543.75,-266.996731229,-183.367470163,4.0,2.0,1.0,0.0,415.0
97.0,43012417.0,3.0,249.9992,-208.02,3552.25,-249.9992,-208.02,4.0,3.0,0.0,1.0,417.0
97.0,43102416.0,3.0,249.9992,-207.64,3553.75,-249.9992,-207.64,4.0,3.0,1.0,0.0,416.0
98.0,10002231.0,4.0,225.012214055,64.0762269248,2581.15,-225.012214055,64.0762269248,1.0,0.0,0.0,0.0,231.0
98.0,10012231.0,4.0,225.012214055,64.9562269248,2582.25,-225.012214055,64.9562269248,1.0,0.0,0.0,1.0,231.0
98.0,10112231.0,4.0,225.012214055,64.5162269248,2584.85,-225.012214055,64.5162269248,1.0,0.0,1.0,1.0,231.0
98.0,11012237.0,4.0,219.38365502,74.1589695933,2592.25,-228.928294275,34.9367563067,1.0,1.0,0.0,1.0,237.0
98.0,11102236.0,4.0,219.350535838,74.5375235786,2593.75,-228.961413458,35.315310292,1.0,1.0,1.0,0.0,236.0
98.0,11112237.0,4.0,219.422003547,73.7206439261,2594.85,-228.889945749,34.4984306396,1.0,1.0,1.0,1.0,237.0
98.0,12012227.0,4.0,230.409941902,51.8720661743,2602.25,-217.902007393,91.0942794608,1.0,2.0,0.0,1.0,227.0
98.0,12102226.0,4.0,230.443061084,52.2506201596,2603.75,-217.868888211,91.4728334461,1.0,2.0,1.0,0.0,226.0
98.0,12112227.0,4.0,230.371593375,51.4337405071,2604.85,-217.94035592,90.6559537937,1.0,2.0,1.0,1.0,227.0
98.0,13002232.0,4.0,225.012214055,62.3762269248,2611.15,-225.012214055,62.3762269248,1.0,3.0,0.0,0.0,232.0
98.0,13112232.0,4.0,225.012214055,62.8162269248,2614.85,-225.012214055,62.8162269248,1.0,3.0,1.0,1.0,232.0
98.0,20002238.0,4.0,225.012214055,52.1762269248,2781.15,-225.012214055,52.1762269248,2.0,0.0,0.0,0.0,238.0
98.0,20112238.0,4.0,225.012214055,52.6162269248,2784.85,-225.012214055,52.6162269248,2.0,0.0,1.0,1.0,238.0
98.0,21012244.0,4.0,220.420808359,62.304252686,2792.25,-227.891140937,23.0820393994,2.0,1.0,0.0,1.0,244.0
98.0,21112244.0,4.0,220.459156885,61.8659270188,2794.85,-227.85279241,22.6437137323,2.0,1.0,1.0,1.0,244.0
98.0,22002233.0,4.0,229.444256272,40.8342289194,2801.15,-218.867693023,80.056442206,2.0,2.0,0.0,0.0,233.0
98.0,22012234.0,4.0,229.372788563,40.017349267,2802.25,-218.939160732,79.2395625535,2.0,2.0,0.0,1.0,234.0
98.0,22102233.0,4.0,229.405907746,40.3959032523,2803.75,-218.90604155,79.6181165388,2.0,2.0,1.0,0.0,233.0
98.0,23002239.0,4.0,225.012214055,50.4762269248,2811.15,-225.012214055,50.4762269248,2.0,3.0,0.0,0.0,239.0
98.0,23102239.0,4.0,225.012214055,50.0362269248,2813.75,-225.012214055,50.0362269248,2.0,3.0,1.0,0.0,239.0
98.0,23112239.0,4.0,225.012214055,50.9162269248,2814.85,-225.012214055,50.9162269248,2.0,3.0,1.0,1.0,239.0
98.0,30002288.0,4.0,249.9992,10.4,3321.15,-249.9992,10.4,3.0,0.0,0.0,0.0,288.0
98.0,30102288.0,4.0,249.9992,9.96,3323.75,-249.9992,9.96,3.0,0.0,1.0,0.0,288.0
98.0,31002295.0,4.0,249.178611181,20.2945739152,3331.15,-248.917143953,-23.2831580095,3.0,1.0,0.0,0.0,295.0
98.0,31112295.0,4.0,249.140262654,20.7328995823,3334.85,-248.95549248,-22.8448323423,3.0,1.0,1.0,1.0,295.0
98.0,32002283.0,4.0,250.695121105,-2.96078616839,3341.15,-247.400634029,40.6169457563,3.0,2.0,0.0,0.0,283.0
98.0,32102283.0,4.0,250.656772578,-3.39911183555,3343.75,-247.438982556,40.1786200891,3.0,2.0,1.0,0.0,283.0
98.0,33002290.0,4.0,249.9992,7.0,3351.15,-249.9992,7.0,3.0,3.0,0.0,0.0,290.0
98.0,33112290.0,4.0,249.9992,7.44,3354.85,-249.9992,7.44,3.0,3.0,1.0,1.0,290.0
98.0,40012300.0,4.0,249.9992,-9.12,3522.25,-249.9992,-9.12,4.0,0.0,0.0,1.0,300.0
98.0,40112300.0,4.0,249.9992,-9.56,3524.85,-249.9992,-9.56,4.0,0.0,1.0,1.0,300.0
98.0,41012307.0,4.0,250.87989128,0.848853408432,3532.25,-247.215863855,-42.7288785162,4.0,1.0,0.0,1.0,307.0
98.0,41112307.0,4.0,250.918239807,0.410527741271,3534.85,-247.177515328,-43.1672041834,4.0,1.0,1.0,1.0,307.0
98.0,42012295.0,4.0,248.993841007,-22.4065066751,3542.25,-249.101914128,21.1712252495,4.0,2.0,0.0,1.0,295.0
98.0,42102294.0,4.0,249.026960189,-22.0279526899,3543.75,-249.068794945,21.5497792348,4.0,2.0,1.0,0.0,294.0
98.0,42112295.0,4.0,248.95549248,-22.8448323423,3544.85,-249.140262654,20.7328995823,4.0,2.0,1.0,1.0,295.0
98.0,43012302.0,4.0,249.9992,-12.52,3552.25,-249.9992,-12.52,4.0,3.0,0.0,1.0,302.0
98.0,43102301.0,4.0,249.9992,-12.14,3553.75,-249.9992,-12.14,4.0,3.0,1.0,0.0,301.0
98.0,43112302.0,4.0,249.9992,-12.96,3554.85,-249.9992,-12.96,4.0,3.0,1.0,1.0,302.0
98.0,23112239.0,-2.0,225.012214055,50.9162269248,2814.85,-225.012214055,50.9162269248,2.0,3.0,1.0,1.0,239.0
98.0,23112245.0,-2.0,225.012214055,40.7162269248,2814.85,-225.012214055,40.7162269248,2.0,3.0,1.0,1.0,245.0
98.0,23102244.0,-2.0,225.012214055,41.5362269248,2813.75,-225.012214055,41.5362269248,2.0,3.0,1.0,0.0,244.0
98.0,23012243.0,-2.0,225.012214055,44.5562269248,2812.25,-225.012214055,44.5562269248,2.0,3.0,0.0,1.0,243.0
98.0,23012242.0,-2.0,225.012214055,46.2562269248,2812.25,-225.012214055,46.2562269248,2.0,3.0,0.0,1.0,242.0
98.0,23012241.0,-2.0,225.012214055,47.9562269248,2812.25,-225.012214055,47.9562269248,2.0,3.0,0.0,1.0,241.0
98.0,23102238.0,-2.0,225.012214055,51.7362269248,2813.75,-225.012214055,51.7362269248,2.0,3.0,1.0,0.0,238.0
98.0,23112237.0,-2.0,225.012214055,54.3162269248,2814.85,-225.012214055,54.3162269248,2.0,3.0,1.0,1.0,237.0
98.0,23102240.0,-2.0,225.012214055,48.3362269248,2813.75,-225.012214055,48.3362269248,2.0,3.0,1.0,0.0,240.0
98.0,23102239.0,-2.0,225.012214055,50.0362269248,2813.75,-225.012214055,50.0362269248,2.0,3.0,1.0,0.0,239.0
98.0,23102241.0,-2.0,225.012214055,46.6362269248,2813.75,-225.012214055,46.6362269248,2.0,3.0,1.0,0.0,241.0
98.0,10002229.0,3.0,225.012214055,67.4762269248,2581.15,-225.012214055,67.4762269248,1.0,0.0,0.0,0.0,229.0
98.0,10012230.0,3.0,225.012214055,66.6562269248,2582.25,-225.012214055,66.6562269248,1.0,0.0,0.0,1.0,230.0
98.0,10102229.0,3.0,225.012214055,67.0362269248,2583.75,-225.012214055,67.0362269248,1.0,0.0,1.0,0.0,229.0
98.0,11012235.0,3.0,219.087325495,77.5460315668,2592.25,-229.224623801,38.3238182802,1.0,1.0,0.0,1.0,235.0
98.0,11102234.0,3.0,219.054206312,77.9245855521,2593.75,-229.257742983,38.7023722655,1.0,1.0,1.0,0.0,234.0
98.0,12002224.0,3.0,230.777739136,56.0760078002,2601.15,-217.534210159,95.2982210868,1.0,2.0,0.0,0.0,224.0
98.0,12112224.0,3.0,230.816087663,56.5143334674,2604.85,-217.495861632,95.7365467539,1.0,2.0,1.0,1.0,224.0
98.0,13002229.0,3.0,225.012214055,67.4762269248,2611.15,-225.012214055,67.4762269248,1.0,3.0,0.0,0.0,229.0
98.0,13012229.0,3.0,225.012214055,68.3562269248,2612.25,-225.012214055,68.3562269248,1.0,3.0,0.0,1.0,229.0
98.0,13112229.0,3.0,225.012214055,67.9162269248,2614.85,-225.012214055,67.9162269248,1.0,3.0,1.0,1.0,229.0
98.0,20002226.0,3.0,225.012214055,72.5762269248,2781.15,-225.012214055,72.5762269248,2.0,0.0,0.0,0.0,226.0
98.0,20112226.0,3.0,225.012214055,73.0162269248,2784.85,-225.012214055,73.0162269248,2.0,0.0,1.0,1.0,226.0
98.0,21002231.0,3.0,218.571363498,83.4435041795,2791.15,-229.740585798,44.2212908929,2.0,1.0,0.0,0.0,231.0
98.0,21102231.0,3.0,218.609712024,83.0051785123,2793.75,-229.702237271,43.7829652258,2.0,1.0,1.0,0.0,231.0
98.0,22012221.0,3.0,231.298930478,62.0332520948,2802.25,-217.013018817,101.255465381,2.0,2.0,0.0,1.0,221.0
98.0,22102220.0,3.0,231.33204966,62.4118060801,2803.75,-216.979899635,101.634019367,2.0,2.0,1.0,0.0,220.0
98.0,22112221.0,3.0,231.260581951,61.5949264277,2804.85,-217.051367344,100.817139714,2.0,2.0,1.0,1.0,221.0
98.0,23012226.0,3.0,225.012214055,73.4562269248,2812.25,-225.012214055,73.4562269248,2.0,3.0,0.0,1.0,226.0
98.0,23102225.0,3.0,225.012214055,73.8362269248,2813.75,-225.012214055,73.8362269248,2.0,3.0,1.0,0.0,225.0
98.0,30012241.0,3.0,249.9992,91.18,3322.25,-249.9992,91.18,3.0,0.0,0.0,1.0,241.0
98.0,30112241.0,3.0,249.9992,90.74,3324.85,-249.9992,90.74,3.0,0.0,1.0,1.0,241.0
98.0,31002246.0,3.0,241.91853781,103.277592266,3331.15,-256.177217324,59.6998603416,3.0,1.0,0.0,0.0,246.0
98.0,31112246.0,3.0,241.880189284,103.715917933,3334.85,-256.215565851,60.1381860087,3.0,1.0,1.0,1.0,246.0
98.0,32002235.0,3.0,257.807029713,78.3287011959,3341.15,-240.288725421,121.906433121,3.0,2.0,0.0,0.0,235.0
98.0,32102235.0,3.0,257.768681187,77.8903755287,3343.75,-240.327073948,121.468107453,3.0,2.0,1.0,0.0,235.0
98.0,32112235.0,3.0,257.84537824,78.7670268631,3344.85,-240.250376894,122.344758788,3.0,2.0,1.0,1.0,235.0
98.0,33002240.0,3.0,249.9992,92.0,3351.15,-249.9992,92.0,3.0,3.0,0.0,0.0,240.0
98.0,33112240.0,3.0,249.9992,92.44,3354.85,-249.9992,92.44,3.0,3.0,1.0,1.0,240.0
98.0,40002236.0,3.0,249.9992,98.8,3521.15,-249.9992,98.8,4.0,0.0,0.0,0.0,236.0
98.0,40112236.0,3.0,249.9992,99.24,3524.85,-249.9992,99.24,4.0,0.0,1.0,1.0,236.0
98.0,41012242.0,3.0,241.249181706,110.928367548,3532.25,-256.846573428,67.3506356229,4.0,1.0,0.0,1.0,242.0
98.0,41102241.0,3.0,241.216062524,111.306921533,3533.75,-256.87969261,67.7291896082,4.0,1.0,1.0,0.0,241.0
98.0,42012231.0,3.0,258.476385818,85.9794764772,3542.25,-239.619369317,129.557208402,4.0,2.0,0.0,1.0,231.0
98.0,42102230.0,3.0,258.509505,86.3580304625,3543.75,-239.586250134,129.935762387,4.0,2.0,1.0,0.0,230.0
98.0,43012236.0,3.0,249.9992,99.68,3552.25,-249.9992,99.68,4.0,3.0,0.0,1.0,236.0
98.0,43102235.0,3.0,249.9992,100.06,3553.75,-249.9992,100.06,4.0,3.0,1.0,0.0,235.0
